strategy,observations,annualized_mean,cagr,sharpe,max_drawdown,hac_t_statistic,hac_one_sided_p_value,bootstrap_sharpe_low,bootstrap_sharpe_high,average_entry_eligible_stocks,average_daily_turnover,average_net_exposure,tested_specifications,search_adjusted_hac_p_value
v1_baseline,688,-0.00437521790960029,-0.02809887507590192,-0.01992035289705664,-0.39268671498497143,-0.030596905294553587,0.512204494893486,-1.3251772464727867,1.2055949377280315,6.338662790697675,0.3288967331118494,0.01815476190476191,46,1.0
half_life_gate,688,-0.14424796144486146,-0.14323821429278372,-1.0069454535698237,-0.3456401396073405,-1.6193718514492554,0.947316360240901,-2.161181784862527,0.31535161150298857,11.581395348837209,0.32514109759749293,0.05166264613939033,46,1.0
half_life_plus_turn,688,-0.25568627870974614,-0.2391399340340722,-1.3739962637911105,-0.5629317631132513,-2.306260091627823,0.9894519481730681,-2.4529241113325897,-0.23224680355691293,5.683139534883721,0.3317854625994161,0.07205327779455686,46,1.0
half_life_turn_plus_cohesion,688,-0.14640479512019988,-0.14711106492950465,-0.9218063614325918,-0.40218282420585183,-1.6080929215179471,0.9460925853686241,-2.006607783275124,0.20988192126846106,2.620639534883721,0.21800595238095238,0.029008628645256555,46,1.0
v1_gate_plus_turn,688,-0.20083992751741098,-0.21203891547941756,-0.7363190225710539,-0.589359731112663,-1.1339085706483545,0.8715835491836845,-1.998128465365303,0.46159531501006895,3.114825581395349,0.3084856035437431,0.06345514950166113,46,1.0
v1_gate_plus_cohesion,688,-0.03677523079771889,-0.05015650956643458,-0.214853448689829,-0.2402545919172674,-0.3383224515171499,0.6324398968149376,-1.4568743305428076,1.0200053692407067,2.806686046511628,0.18886351052048725,0.02625968992248063,46,1.0
v1_gate_turn_plus_cohesion,688,-0.13268338287105713,-0.1413747143146885,-0.6708402771520146,-0.47031409164581417,-1.0552818839375557,0.8543517880108011,-1.8810793886004815,0.5468989476557591,1.4011627906976745,0.17669573643410852,-0.03343023255813953,46,1.0
finite_residual_pressure,688,0.1950216038535885,0.17303307074035756,0.7307219578587656,-0.2609408751785286,1.2035631754151248,0.11437922985519144,-0.5281524993143082,1.827169518156698,6.338662790697675,0.4382751937984496,-0.0030038759689922476,46,1.0
finite_pressure_persistent_extreme,688,0.02457519130005851,-0.00704830019760827,0.09800081970775061,-0.3685667425847099,0.1808304242642291,0.4282503408295205,-0.9574700865159625,1.2121613171960772,0.5203488372093024,0.3203003875968992,0.010319767441860465,46,1.0
finite_pressure_strongest_three,688,0.20636712253947975,0.18596842973992245,0.7692668228050927,-0.2611536198492388,1.2698272266815034,0.10207309004221038,-0.48240965912012124,1.8670970646177936,0.8866279069767442,0.4341085271317829,-0.012306201550387589,46,1.0
finite_pressure_stable_residuals,688,0.12918671986867117,0.10591677891538298,0.5380496945506471,-0.35178607859987554,0.8086819773821025,0.20934904872081772,-0.8237858529452378,1.6387653527074888,3.8982558139534884,0.2919089147286822,0.0036337209302325477,46,1.0
finite_pressure_strongest_stable,688,0.15777562399146558,0.1377002429453238,0.6542394444150877,-0.31303120345125246,0.9737483636199576,0.16509074865038204,-0.7087352650086923,1.772758318818941,0.3793604651162791,0.27906976744186046,-0.01501937984496125,46,1.0
finite_pressure_balanced_sides,688,0.22305281324021986,0.20557632919988778,0.8292434601409353,-0.3084855862833976,1.3899970977337792,0.0822648793319612,-0.3805378701171616,1.9972207727683702,0.7354651162790697,0.43488372093023264,-0.005426356589147294,46,1.0
finite_pressure_residual_reversal,688,-0.043577729673491876,-0.07398243549653549,-0.16880500907684437,-0.5191848868552003,-0.31458701716488535,0.6234623810786941,-1.228206412647753,0.8911804104289512,2.265988372093023,0.2548449612403101,-0.046511627906976744,46,1.0
finite_pressure_high_dispersion,688,0.224550863330912,0.2164704961489421,0.9365204068195288,-0.24915813108949403,1.7021362561277784,0.044364914373085304,-0.18168732980336574,1.9062309781349787,3.1482558139534884,0.3559108527131783,0.015649224806201543,46,1.0
finite_pressure_strongest_reversal,688,-0.043577729673491876,-0.07398243549653549,-0.16880500907684437,-0.5191848868552003,-0.31458701716488535,0.6234623810786941,-1.228206412647753,0.8911804104289512,0.19767441860465115,0.2548449612403101,-0.046511627906976744,46,1.0
finite_pressure_dispersion_balanced,688,0.22202259089421622,0.20989777403131815,0.8833768303406211,-0.23184042758637946,1.6230291835927209,0.05229158322330817,-0.21128630722845787,1.947984524386014,0.5494186046511628,0.3503391472868217,0.021705426356589147,46,1.0
finite_pressure_dispersion_strongest,688,0.23598795178424503,0.22999779866871184,0.9780063345621568,-0.24074042070298418,1.7827560292086233,0.03731301315849788,-0.12082766641663463,1.9505818777185482,0.686046511627907,0.3510174418604652,0.006346899224806202,46,1.0
finite_pressure_dispersion_stable,688,0.1841688882776634,0.1721816544275594,0.8140554437566744,-0.2556864394437298,1.30730152084786,0.09555516395693897,-0.4845230851062532,1.8213728489917853,1.9258720930232558,0.2512112403100775,0.06177325581395349,46,1.0
finite_pressure_multi_horizon,688,-0.00048826299147940855,-0.027994517966642762,-0.0020691986997025446,-0.3596922645096453,-0.0034049944732623136,0.5013583936350506,-1.1748853363016805,1.2131501757994296,0.43459302325581395,0.25925387596899224,-0.09345930232558139,46,1.0
finite_pressure_multi_horizon_dispersion,688,0.10503438764412765,0.08631324490069114,0.49737153518856714,-0.26926904499948534,0.8659799676295197,0.19325057371334192,-0.5741485379661893,1.5886389106667265,0.3633720930232558,0.2243701550387597,-0.0745639534883721,46,1.0
dispersion_strongest_inverse_volatility,688,0.2171364709305151,0.20861998759281475,0.9205868249586482,-0.2487901245977362,1.6352745008153597,0.05099575825263974,-0.22580665005467257,1.9063743663952024,0.686046511627907,0.3535040934079403,0.016572900560701303,46,1.0
dispersion_strongest_signal_weighted,688,0.224778672325931,0.2149406857401932,0.9139094128615469,-0.2403515255176636,1.668989383481411,0.047559741914211084,-0.1943471100203802,1.9120795807433049,0.686046511627907,0.3675098404433214,0.003801585559917056,46,1.0
dispersion_strongest_combined_weighting,688,0.2002693422647532,0.1875265211580417,0.8382751600438522,-0.24942995636080223,1.4992500867611607,0.06690438286748275,-0.2978496515267703,1.8429382098633964,0.686046511627907,0.3651300701671159,0.013985609349243727,46,1.0
dispersion_strongest_no_direct_reversal,688,0.24389111418802323,0.23980767152124383,1.0115818169921986,-0.21959939447533672,1.8384023317674063,0.03300157089489658,-0.09776042011602734,1.981135495829936,0.686046511627907,0.3546511627906977,0.007315891472868219,46,1.0
dispersion_strongest_three_day_cooldown,688,0.1897555038457628,0.1740318499722595,0.7814409470119277,-0.24216590318947218,1.3553597479757677,0.08765148376744447,-0.42353545201841064,1.7254701371272612,0.686046511627907,0.3382751937984496,9.689922480620379e-05,46,1.0
