strategy,check,setting,observations,annualized_mean,cagr,sharpe,max_drawdown
v1_baseline,transaction_cost,0_bp,688,0.03706577046249273,0.01305029938696567,0.1688328998318683,-0.3550628341055223
v1_baseline,transaction_cost,5_bp,688,-0.00437521790960029,-0.02809887507590192,-0.01992035289705664,-0.39268671498497143
v1_baseline,transaction_cost,10_bp,688,-0.04581620628169331,-0.0675916431699789,-0.2084713942896236,-0.4281296396412828
v1_baseline,transaction_cost,20_bp,688,-0.12869818302587932,-0.14186964310859151,-0.5845359828952197,-0.4946154102011745
v1_baseline,subperiod,first_half,344,-0.18345458932898884,-0.18598010163499856,-0.8712585800116597,-0.2778004895912234
v1_baseline,subperiod,second_half,344,0.17470415350978824,0.16040381632683043,0.7659201904452606,-0.19360903390142714
v1_baseline,leave_one_stock_out,AAPL,688,-0.00437521790960029,-0.02809887507590192,-0.01992035289705664,-0.39268671498497143
v1_baseline,leave_one_stock_out,ADBE,688,0.0663880892948321,0.039022128144533985,0.27976813493248776,-0.3874482390903683
v1_baseline,leave_one_stock_out,AMD,688,-0.011723195958926898,-0.035089831873753696,-0.05351956724721029,-0.40810416580924813
v1_baseline,leave_one_stock_out,AMZN,688,-0.00554885626116428,-0.029236836131325994,-0.02526498753621243,-0.3946261087924049
v1_baseline,leave_one_stock_out,CRM,688,0.06286786308266087,0.034582360392002576,0.2623727710977093,-0.31270281757699236
v1_baseline,leave_one_stock_out,CSCO,688,-0.00437521790960029,-0.02809887507590192,-0.01992035289705664,-0.39268671498497143
v1_baseline,leave_one_stock_out,GOOGL,688,-0.00437521790960029,-0.02809887507590192,-0.01992035289705664,-0.39268671498497143
v1_baseline,leave_one_stock_out,IBM,688,-0.00437521790960029,-0.02809887507590192,-0.01992035289705664,-0.39268671498497143
v1_baseline,leave_one_stock_out,INTC,688,-0.00437521790960029,-0.02809887507590192,-0.01992035289705664,-0.39268671498497143
v1_baseline,leave_one_stock_out,META,688,0.05915830106553308,0.029506360097485196,0.24064437546626216,-0.3370738295975809
v1_baseline,leave_one_stock_out,MSFT,688,0.060001375429475985,0.029141559144628015,0.2397771359411567,-0.3994693835105929
v1_baseline,leave_one_stock_out,NVDA,688,-0.09521038111704225,-0.1130760772685716,-0.42796061421864284,-0.4224072855631905
v1_baseline,leave_one_stock_out,ORCL,688,-0.06163283070396783,-0.08375975573772165,-0.27119388195671496,-0.3881079461645123
v1_baseline,leave_one_stock_out,QCOM,688,-0.050846293490876646,-0.08097180901585099,-0.19767310792725298,-0.4110180293812189
v1_baseline,leave_one_stock_out,TXN,688,-0.005581794291613628,-0.030175909911253074,-0.024937002459782562,-0.3936108728497587
half_life_gate,transaction_cost,0_bp,688,-0.10328018314757735,-0.10737317881558317,-0.7215653903183085,-0.26848421648726417
half_life_gate,transaction_cost,5_bp,688,-0.14424796144486146,-0.14323821429278372,-1.0069454535698237,-0.3456401396073405
half_life_gate,transaction_cost,10_bp,688,-0.18521573974214556,-0.17767171721942654,-1.2915454782507203,-0.41467642405116545
half_life_gate,transaction_cost,20_bp,688,-0.26715129633671375,-0.24246893471108888,-1.8576201552370517,-0.5317109990702696
half_life_gate,subperiod,first_half,344,-0.16742607885800914,-0.15939080658646065,-1.5095359754374438,-0.2635380830065711
half_life_gate,subperiod,second_half,344,-0.1210698440317138,-0.12677524443025578,-0.7134497240347487,-0.2925036290036429
half_life_gate,leave_one_stock_out,AAPL,688,-0.1690864634804078,-0.16555162714713634,-1.1021564776513695,-0.39297901653465783
half_life_gate,leave_one_stock_out,ADBE,688,-0.14938124455202517,-0.1488591653690322,-0.9766674567836992,-0.36305153273790236
half_life_gate,leave_one_stock_out,AMD,688,-0.12171028463221972,-0.12487554723089778,-0.7987879674452945,-0.3097513753402803
half_life_gate,leave_one_stock_out,AMZN,688,-0.14762527959002958,-0.14704137491524438,-0.9804353335964603,-0.3535400106394081
half_life_gate,leave_one_stock_out,CRM,688,-0.1047194733925601,-0.10906255630899675,-0.7158758588882623,-0.28806099655249406
half_life_gate,leave_one_stock_out,CSCO,688,-0.16726761600468595,-0.1636269527209563,-1.1125190095633437,-0.3875916951938154
half_life_gate,leave_one_stock_out,GOOGL,688,-0.13355060994888143,-0.1346195174961774,-0.902017355367069,-0.33188136296561777
half_life_gate,leave_one_stock_out,IBM,688,-0.11269430553820733,-0.11689375667647472,-0.7417665991929072,-0.29217025282197284
half_life_gate,leave_one_stock_out,INTC,688,-0.1376466808144474,-0.13668350088601977,-1.0109500951538735,-0.33188172714432884
half_life_gate,leave_one_stock_out,META,688,-0.11233009207971976,-0.11643611510581298,-0.7440338882019613,-0.2879247095664368
half_life_gate,leave_one_stock_out,MSFT,688,-0.11622113654618584,-0.12038003036696066,-0.7510453204952053,-0.31464973471163216
half_life_gate,leave_one_stock_out,NVDA,688,-0.17639249877837346,-0.17142176488094396,-1.1607200831939593,-0.40274909068906517
half_life_gate,leave_one_stock_out,ORCL,688,-0.19721078624946933,-0.1887132084383445,-1.2864759687564098,-0.43616636520418306
half_life_gate,leave_one_stock_out,QCOM,688,-0.16136034459067677,-0.15831893392823249,-1.0935507645304687,-0.37945013384023907
half_life_gate,leave_one_stock_out,TXN,688,-0.16090326612824868,-0.15847113345529962,-1.0604060553820989,-0.3769171539408511
half_life_plus_turn,transaction_cost,0_bp,688,-0.2138813104222197,-0.20661150576016152,-1.1497957608118439,-0.512179936812938
half_life_plus_turn,transaction_cost,5_bp,688,-0.25568627870974614,-0.2391399340340722,-1.3739962637911105,-0.5629317631132513
half_life_plus_turn,transaction_cost,10_bp,688,-0.2974912469972726,-0.27034522535998773,-1.5976812704144439,-0.6084182979769712
half_life_plus_turn,transaction_cost,20_bp,688,-0.3811011835723255,-0.32899783678575933,-2.042941960417655,-0.6857531798084833
half_life_plus_turn,subperiod,first_half,344,-0.15571766786887767,-0.15499705745943915,-0.9821988313005934,-0.3086174103834014
half_life_plus_turn,subperiod,second_half,344,-0.3556548895506147,-0.3149041135393589,-1.6927288006730503,-0.4808295227107904
half_life_plus_turn,leave_one_stock_out,AAPL,688,-0.21842285876246542,-0.21096781098922268,-1.1418253816659325,-0.5101078475061549
half_life_plus_turn,leave_one_stock_out,ADBE,688,-0.28677355937313437,-0.263571583316734,-1.4796621625092328,-0.5955744137125287
half_life_plus_turn,leave_one_stock_out,AMD,688,-0.21241186369945958,-0.20597346369801595,-1.1208487159003087,-0.5114633510719895
half_life_plus_turn,leave_one_stock_out,AMZN,688,-0.24987625330380797,-0.23579237380779805,-1.2904405209931802,-0.5576617421463623
half_life_plus_turn,leave_one_stock_out,CRM,688,-0.23446358090498715,-0.22365398855133067,-1.2221638289510506,-0.5325190308465997
half_life_plus_turn,leave_one_stock_out,CSCO,688,-0.2869525488261202,-0.2638473669654683,-1.4711776712878863,-0.6112727678993697
half_life_plus_turn,leave_one_stock_out,GOOGL,688,-0.219156174435353,-0.2117510394331431,-1.1386855926372985,-0.5359084860917038
half_life_plus_turn,leave_one_stock_out,IBM,688,-0.22340407522213646,-0.21576567057676677,-1.1354933441687352,-0.5237121642567988
half_life_plus_turn,leave_one_stock_out,INTC,688,-0.2693703785962496,-0.25031607819655133,-1.4043995628571588,-0.5769348443990969
half_life_plus_turn,leave_one_stock_out,META,688,-0.21545614823879947,-0.2134873385248921,-0.9685050392172728,-0.5229087140496308
half_life_plus_turn,leave_one_stock_out,MSFT,688,-0.23201303211503288,-0.22347746175883387,-1.1419190084729582,-0.5477503585189596
half_life_plus_turn,leave_one_stock_out,NVDA,688,-0.3066451133424413,-0.27799961945983465,-1.5853301019378254,-0.6188073204747545
half_life_plus_turn,leave_one_stock_out,ORCL,688,-0.20438716103043564,-0.19909039213704427,-1.0947019219168321,-0.5126426400595192
half_life_plus_turn,leave_one_stock_out,QCOM,688,-0.28955977753492906,-0.2654211572950992,-1.503408066154689,-0.6039794280633197
half_life_plus_turn,leave_one_stock_out,TXN,688,-0.24838561284294186,-0.23433078770101223,-1.2977296845793338,-0.5571641304982411
half_life_turn_plus_cohesion,transaction_cost,0_bp,688,-0.11893604512019984,-0.12334507802245154,-0.7487549511183785,-0.3630401617898843
half_life_turn_plus_cohesion,transaction_cost,5_bp,688,-0.14640479512019988,-0.14711106492950465,-0.9218063614325918,-0.40218282420585183
half_life_turn_plus_cohesion,transaction_cost,10_bp,688,-0.17387354512019987,-0.17024238696610683,-1.0945321387232312,-0.43923022636967624
half_life_turn_plus_cohesion,transaction_cost,20_bp,688,-0.2288110451201999,-0.21466737656807855,-1.438306728275393,-0.508320166162915
half_life_turn_plus_cohesion,subperiod,first_half,344,-0.08880183753123197,-0.09333539477141228,-0.6557400443292749,-0.1788833471342851
half_life_turn_plus_cohesion,subperiod,second_half,344,-0.20400775270916777,-0.1976972175038344,-1.1376341754189916,-0.361908129668719
half_life_turn_plus_cohesion,leave_one_stock_out,AAPL,688,-0.1707365922258444,-0.16855825699180382,-1.0309948689695223,-0.4329664815647535
half_life_turn_plus_cohesion,leave_one_stock_out,ADBE,688,-0.13359069210525454,-0.13647455276335785,-0.8271080586664564,-0.3798589281597786
half_life_turn_plus_cohesion,leave_one_stock_out,AMD,688,-0.13761364785360677,-0.14047327269959908,-0.8335138010468071,-0.4064883871964814
half_life_turn_plus_cohesion,leave_one_stock_out,AMZN,688,-0.11332033312387055,-0.11863427288465989,-0.7052940682220113,-0.3702385979128112
half_life_turn_plus_cohesion,leave_one_stock_out,CRM,688,-0.11030786471291858,-0.1165316988656252,-0.6712499469936094,-0.3418336132973586
half_life_turn_plus_cohesion,leave_one_stock_out,CSCO,688,-0.18833361788979763,-0.18306866628793417,-1.1368572873576712,-0.48831231423102284
half_life_turn_plus_cohesion,leave_one_stock_out,GOOGL,688,-0.13161618058494953,-0.1356720819044711,-0.7838672989658624,-0.37881716060025317
half_life_turn_plus_cohesion,leave_one_stock_out,IBM,688,-0.12194168296136461,-0.12736457015216507,-0.7239029554417592,-0.3659194317937986
half_life_turn_plus_cohesion,leave_one_stock_out,INTC,688,-0.13482981701101066,-0.13686238148304297,-0.8609004701004612,-0.3705133653064878
half_life_turn_plus_cohesion,leave_one_stock_out,META,688,-0.11423319011742974,-0.12191185998510612,-0.643836007311278,-0.39880200607355465
half_life_turn_plus_cohesion,leave_one_stock_out,MSFT,688,-0.1265177207980936,-0.13110883911315552,-0.7586324337598019,-0.39538121038630725
half_life_turn_plus_cohesion,leave_one_stock_out,NVDA,688,-0.20107168283407723,-0.19293539901321333,-1.241358358023644,-0.47455828049932003
half_life_turn_plus_cohesion,leave_one_stock_out,ORCL,688,-0.11630635319357557,-0.12103849351586604,-0.7316797502211295,-0.38704772525320064
half_life_turn_plus_cohesion,leave_one_stock_out,QCOM,688,-0.14413461541250874,-0.1458004678530529,-0.8818050861354796,-0.3953807476131327
half_life_turn_plus_cohesion,leave_one_stock_out,TXN,688,-0.16453386386959187,-0.16315367254812774,-1.0038061842052828,-0.41862077739063364
v1_gate_plus_turn,transaction_cost,0_bp,688,-0.16197074147089938,-0.18074379064330393,-0.594131724842058,-0.5533904933034419
v1_gate_plus_turn,transaction_cost,5_bp,688,-0.20083992751741098,-0.21203891547941756,-0.7363190225710539,-0.589359731112663
v1_gate_plus_turn,transaction_cost,10_bp,688,-0.23970911356392258,-0.24215143498515423,-0.8782274980105339,-0.6224455416219123
v1_gate_plus_turn,transaction_cost,20_bp,688,-0.3174474856569458,-0.29900384239899247,-1.1609638174239054,-0.6872559360502877
v1_gate_plus_turn,subperiod,first_half,344,-0.25457045299585473,-0.24693681849051008,-1.062099713214557,-0.3566920542485893
v1_gate_plus_turn,subperiod,second_half,344,-0.14710940203896714,-0.17552379937854123,-0.4862147849421781,-0.3914805863839874
v1_gate_plus_turn,leave_one_stock_out,AAPL,688,-0.20083992751741098,-0.21203891547941756,-0.7363190225710539,-0.589359731112663
v1_gate_plus_turn,leave_one_stock_out,ADBE,688,-0.21006784587551147,-0.2198742889879176,-0.7627504093978232,-0.5981857290118682
v1_gate_plus_turn,leave_one_stock_out,AMD,688,-0.1947974095785188,-0.2073977095346552,-0.7123258415853763,-0.5939376951689612
v1_gate_plus_turn,leave_one_stock_out,AMZN,688,-0.2014454168155976,-0.21249984151270773,-0.7387458216853413,-0.590015206076527
v1_gate_plus_turn,leave_one_stock_out,CRM,688,-0.1385019320114919,-0.16363594657008018,-0.4898854374849818,-0.510535673265579
v1_gate_plus_turn,leave_one_stock_out,CSCO,688,-0.20083992751741098,-0.21203891547941756,-0.7363190225710539,-0.589359731112663
v1_gate_plus_turn,leave_one_stock_out,GOOGL,688,-0.20083992751741098,-0.21203891547941756,-0.7363190225710539,-0.589359731112663
v1_gate_plus_turn,leave_one_stock_out,IBM,688,-0.20083992751741098,-0.21203891547941756,-0.7363190225710539,-0.589359731112663
v1_gate_plus_turn,leave_one_stock_out,INTC,688,-0.20083992751741098,-0.21203891547941756,-0.7363190225710539,-0.589359731112663
v1_gate_plus_turn,leave_one_stock_out,META,688,-0.1945407147891515,-0.2084696228531051,-0.6947792505566052,-0.5644980434775397
v1_gate_plus_turn,leave_one_stock_out,MSFT,688,-0.10033304643485134,-0.13513504379603847,-0.33509977295645865,-0.5814458213180587
v1_gate_plus_turn,leave_one_stock_out,NVDA,688,-0.2068748505289001,-0.21762519916680023,-0.7479299754217479,-0.5851247148736836
v1_gate_plus_turn,leave_one_stock_out,ORCL,688,-0.14689648833515795,-0.17148177269467868,-0.5107657326920069,-0.5475984351255189
v1_gate_plus_turn,leave_one_stock_out,QCOM,688,-0.2494828119443944,-0.2509573238949465,-0.8939126277661652,-0.622385561540326
v1_gate_plus_turn,leave_one_stock_out,TXN,688,-0.23018905431251738,-0.23668792544897743,-0.8189145522963398,-0.6111802239970736
v1_gate_plus_cohesion,transaction_cost,0_bp,688,-0.012978428472137517,-0.02724369212320743,-0.07590463487579217,-0.21697433081206996
v1_gate_plus_cohesion,transaction_cost,5_bp,688,-0.03677523079771889,-0.05015650956643458,-0.214853448689829,-0.2402545919172674
v1_gate_plus_cohesion,transaction_cost,10_bp,688,-0.06057203312330031,-0.07253867843818906,-0.3534195508507962,-0.2747821745748342
v1_gate_plus_cohesion,transaction_cost,20_bp,688,-0.1081656377744631,-0.1157591249366966,-0.6289941523577338,-0.34148314892471765
v1_gate_plus_cohesion,subperiod,first_half,344,0.052963633696178646,0.04404486010957509,0.3759117115904386,-0.12030300810324146
v1_gate_plus_cohesion,subperiod,second_half,344,-0.12651409529161642,-0.13585834211728098,-0.6425707549873318,-0.2201853849496338
v1_gate_plus_cohesion,leave_one_stock_out,AAPL,688,-0.03677523079771889,-0.05015650956643458,-0.214853448689829,-0.2402545919172674
v1_gate_plus_cohesion,leave_one_stock_out,ADBE,688,-0.003547019804328726,-0.01758067138811048,-0.02104832256684055,-0.22487118021770325
v1_gate_plus_cohesion,leave_one_stock_out,AMD,688,-0.0385725984818144,-0.051844228690387295,-0.22554355596605147,-0.24025459191726606
v1_gate_plus_cohesion,leave_one_stock_out,AMZN,688,-0.03677523079771889,-0.05015650956643458,-0.214853448689829,-0.2402545919172674
v1_gate_plus_cohesion,leave_one_stock_out,CRM,688,-0.006219768882444633,-0.024340008417240155,-0.03255031490435218,-0.265910700136322
v1_gate_plus_cohesion,leave_one_stock_out,CSCO,688,-0.03677523079771889,-0.05015650956643458,-0.214853448689829,-0.2402545919172674
v1_gate_plus_cohesion,leave_one_stock_out,GOOGL,688,-0.03677523079771889,-0.05015650956643458,-0.214853448689829,-0.2402545919172674
v1_gate_plus_cohesion,leave_one_stock_out,IBM,688,-0.03677523079771889,-0.05015650956643458,-0.214853448689829,-0.2402545919172674
v1_gate_plus_cohesion,leave_one_stock_out,INTC,688,-0.03677523079771889,-0.05015650956643458,-0.214853448689829,-0.2402545919172674
v1_gate_plus_cohesion,leave_one_stock_out,META,688,0.022633845319902576,0.0036287727726800334,0.11566124636860582,-0.2556959482164858
v1_gate_plus_cohesion,leave_one_stock_out,MSFT,688,-0.010429622770973973,-0.02844410996106883,-0.0542701737314334,-0.2957583594053018
v1_gate_plus_cohesion,leave_one_stock_out,NVDA,688,-0.12522136643527568,-0.13194555101104222,-0.6958439453662015,-0.4034251072228028
v1_gate_plus_cohesion,leave_one_stock_out,ORCL,688,-0.05601255496150092,-0.06917114832285087,-0.3155162910186944,-0.2580150292611998
v1_gate_plus_cohesion,leave_one_stock_out,QCOM,688,-0.06564506274443381,-0.08404959786845845,-0.31565226783605627,-0.3792964858004275
v1_gate_plus_cohesion,leave_one_stock_out,TXN,688,-0.02446345777604582,-0.03995664669265164,-0.13557420078281834,-0.24077761068294057
v1_gate_turn_plus_cohesion,transaction_cost,0_bp,688,-0.1104197200803595,-0.12202849739544375,-0.5582915722137713,-0.4554263295364269
v1_gate_turn_plus_cohesion,transaction_cost,5_bp,688,-0.13268338287105713,-0.1413747143146885,-0.6708402771520146,-0.47031409164581417
v1_gate_turn_plus_cohesion,transaction_cost,10_bp,688,-0.1549470456617548,-0.16030296878746697,-0.783223644752111,-0.491536525206667
v1_gate_turn_plus_cohesion,transaction_cost,20_bp,688,-0.19947437124315018,-0.19694080798982871,-1.0072219394920185,-0.5360421761660581
v1_gate_turn_plus_cohesion,subperiod,first_half,344,0.00886673935196393,-0.002151468753232244,0.05955338089517393,-0.12428625689321293
v1_gate_turn_plus_cohesion,subperiod,second_half,344,-0.2742335050940782,-0.2611730556971039,-1.1585747255851027,-0.4624389783303665
v1_gate_turn_plus_cohesion,leave_one_stock_out,AAPL,688,-0.13268338287105713,-0.1413747143146885,-0.6708402771520146,-0.47031409164581417
v1_gate_turn_plus_cohesion,leave_one_stock_out,ADBE,688,-0.1258523536785171,-0.13590531436783893,-0.6283809745201746,-0.47413862207424373
v1_gate_turn_plus_cohesion,leave_one_stock_out,AMD,688,-0.11789792050892135,-0.12889981332206701,-0.5905103611728102,-0.4703140916458144
v1_gate_turn_plus_cohesion,leave_one_stock_out,AMZN,688,-0.13268338287105713,-0.1413747143146885,-0.6708402771520146,-0.47031409164581417
v1_gate_turn_plus_cohesion,leave_one_stock_out,CRM,688,-0.12381991999159743,-0.1371443632123246,-0.5713996929737248,-0.4681498859084239
v1_gate_turn_plus_cohesion,leave_one_stock_out,CSCO,688,-0.13268338287105713,-0.1413747143146885,-0.6708402771520146,-0.47031409164581417
v1_gate_turn_plus_cohesion,leave_one_stock_out,GOOGL,688,-0.13268338287105713,-0.1413747143146885,-0.6708402771520146,-0.47031409164581417
v1_gate_turn_plus_cohesion,leave_one_stock_out,IBM,688,-0.13268338287105713,-0.1413747143146885,-0.6708402771520146,-0.47031409164581417
v1_gate_turn_plus_cohesion,leave_one_stock_out,INTC,688,-0.13268338287105713,-0.1413747143146885,-0.6708402771520146,-0.47031409164581417
v1_gate_turn_plus_cohesion,leave_one_stock_out,META,688,-0.1087229767874887,-0.12130780381070039,-0.5347862773714998,-0.450003831668253
v1_gate_turn_plus_cohesion,leave_one_stock_out,MSFT,688,-0.006928458312614396,-0.031239100929372765,-0.031055808169939986,-0.43369857416746194
v1_gate_turn_plus_cohesion,leave_one_stock_out,NVDA,688,-0.21789274648185833,-0.21222998939108928,-1.0792585830775734,-0.5387299739382319
v1_gate_turn_plus_cohesion,leave_one_stock_out,ORCL,688,-0.09384371365861235,-0.1097498675961136,-0.4411300350977826,-0.384088323120246
v1_gate_turn_plus_cohesion,leave_one_stock_out,QCOM,688,-0.13617082868015096,-0.1463689691536494,-0.6534620717932117,-0.5541867651950225
v1_gate_turn_plus_cohesion,leave_one_stock_out,TXN,688,-0.14333925107859638,-0.1523666836040667,-0.6878697423818597,-0.4755963274273529
finite_residual_pressure,transaction_cost,0_bp,688,0.25024427827219314,0.23955021318465963,0.9371582936226845,-0.24999781642329644
finite_residual_pressure,transaction_cost,5_bp,688,0.1950216038535885,0.17303307074035756,0.7307219578587656,-0.2609408751785286
finite_residual_pressure,transaction_cost,10_bp,688,0.13979892943498387,0.11005264299959161,0.5239470829215961,-0.27702032608573546
finite_residual_pressure,transaction_cost,20_bp,688,0.029353580597774587,-0.006033577923878597,0.1099899419936972,-0.4072197396000026
finite_residual_pressure,subperiod,first_half,344,0.018597771754459744,-0.016060976568400442,0.0703649391202355,-0.2609408751785286
finite_residual_pressure,subperiod,second_half,344,0.3714454359527173,0.3984673361684272,1.3789200176237808,-0.2526256877796803
finite_residual_pressure,leave_one_stock_out,AAPL,688,0.1950216038535885,0.17303307074035756,0.7307219578587656,-0.2609408751785286
finite_residual_pressure,leave_one_stock_out,ADBE,688,0.2041314555158843,0.18002421446383532,0.7302090692267772,-0.28366813710795125
finite_residual_pressure,leave_one_stock_out,AMD,688,0.2625010684196964,0.2558147660043584,0.9938901349316126,-0.2526256877796803
finite_residual_pressure,leave_one_stock_out,AMZN,688,0.18895790817237992,0.16591066106537133,0.707696064742889,-0.2609408751785286
finite_residual_pressure,leave_one_stock_out,CRM,688,0.16841976616370732,0.1392646639944053,0.6095895059022003,-0.2780929205533096
finite_residual_pressure,leave_one_stock_out,CSCO,688,0.1950216038535885,0.17303307074035756,0.7307219578587656,-0.2609408751785286
finite_residual_pressure,leave_one_stock_out,GOOGL,688,0.1950216038535885,0.17303307074035756,0.7307219578587656,-0.2609408751785286
finite_residual_pressure,leave_one_stock_out,IBM,688,0.1950216038535885,0.17303307074035756,0.7307219578587656,-0.2609408751785286
finite_residual_pressure,leave_one_stock_out,INTC,688,0.1950216038535885,0.17303307074035756,0.7307219578587656,-0.2609408751785286
finite_residual_pressure,leave_one_stock_out,META,688,0.2439167745940809,0.23043174336826633,0.8991854005871093,-0.28302904616932445
finite_residual_pressure,leave_one_stock_out,MSFT,688,0.2975239916597693,0.29368173332770375,1.0456223907011006,-0.2735028089657122
finite_residual_pressure,leave_one_stock_out,NVDA,688,0.08921717843709298,0.0597723113882771,0.3565222077951446,-0.3056688177866552
finite_residual_pressure,leave_one_stock_out,ORCL,688,0.1339627836902534,0.09980176330129997,0.4773848066276334,-0.34257445760028493
finite_residual_pressure,leave_one_stock_out,QCOM,688,0.17345567276054416,0.13962157917574514,0.593073201314762,-0.2657536291472109
finite_residual_pressure,leave_one_stock_out,TXN,688,0.18140730247713652,0.15734420432430385,0.681251019868087,-0.2609408751785285
finite_pressure_persistent_extreme,transaction_cost,0_bp,688,0.06493304013726785,0.033808221016456974,0.2587821557911233,-0.3339180825353172
finite_pressure_persistent_extreme,transaction_cost,5_bp,688,0.02457519130005851,-0.00704830019760827,0.09800081970775061,-0.3685667425847099
finite_pressure_persistent_extreme,transaction_cost,10_bp,688,-0.015782657537150805,-0.04631072481594101,-0.06296114822815484,-0.40143055261192606
finite_pressure_persistent_extreme,transaction_cost,20_bp,688,-0.09649835521156938,-0.12029653093454273,-0.38496171379050725,-0.47578772872893993
finite_pressure_persistent_extreme,subperiod,first_half,344,-0.0010584463059253564,-0.02538335477071063,-0.004759363870271941,-0.18599278245579476
finite_pressure_persistent_extreme,subperiod,second_half,344,0.05020882890604237,0.011631684074616677,0.18154694668483948,-0.3430250791439573
finite_pressure_persistent_extreme,leave_one_stock_out,AAPL,688,0.02457519130005851,-0.00704830019760827,0.09800081970775061,-0.3685667425847099
finite_pressure_persistent_extreme,leave_one_stock_out,ADBE,688,0.0023620700744618906,-0.027598471508248457,0.009617482454435592,-0.3639015937912583
finite_pressure_persistent_extreme,leave_one_stock_out,AMD,688,0.04533040506222921,0.013472746240582367,0.17987649193272065,-0.3685667425847091
finite_pressure_persistent_extreme,leave_one_stock_out,AMZN,688,0.010476675755900264,-0.021110445684712986,0.0416710279591272,-0.368566742584711
finite_pressure_persistent_extreme,leave_one_stock_out,CRM,688,-0.042062073563393296,-0.07296080792217163,-0.16254532732361782,-0.38910165477683967
finite_pressure_persistent_extreme,leave_one_stock_out,CSCO,688,0.02457519130005851,-0.00704830019760827,0.09800081970775061,-0.3685667425847099
finite_pressure_persistent_extreme,leave_one_stock_out,GOOGL,688,0.02457519130005851,-0.00704830019760827,0.09800081970775061,-0.3685667425847099
finite_pressure_persistent_extreme,leave_one_stock_out,IBM,688,0.02457519130005851,-0.00704830019760827,0.09800081970775061,-0.3685667425847099
finite_pressure_persistent_extreme,leave_one_stock_out,INTC,688,0.02457519130005851,-0.00704830019760827,0.09800081970775061,-0.3685667425847099
finite_pressure_persistent_extreme,leave_one_stock_out,META,688,0.053049336978800696,0.022920212848067445,0.21583478330199757,-0.37899094359275265
finite_pressure_persistent_extreme,leave_one_stock_out,MSFT,688,0.07799415018649145,0.048244185454264565,0.31487843884023325,-0.26425381991514885
finite_pressure_persistent_extreme,leave_one_stock_out,NVDA,688,0.002362401769075064,-0.024643305491100942,0.010146465708684148,-0.3996543061640767
finite_pressure_persistent_extreme,leave_one_stock_out,ORCL,688,-0.024927086862614332,-0.050314766494279795,-0.10808572887918858,-0.42656495037244047
finite_pressure_persistent_extreme,leave_one_stock_out,QCOM,688,0.11739974911182172,0.08603403510950058,0.44410175193186713,-0.25459953904615396
finite_pressure_persistent_extreme,leave_one_stock_out,TXN,688,-0.0017256433041006186,-0.03215867692923291,-0.006963290245658626,-0.35382771071811614
finite_pressure_strongest_three,transaction_cost,0_bp,688,0.26106479695808443,0.2525630180492533,0.9727148675337128,-0.2575106598694189
finite_pressure_strongest_three,transaction_cost,5_bp,688,0.20636712253947975,0.18596842973992245,0.7692668228050927,-0.2611536198492388
finite_pressure_strongest_three,transaction_cost,10_bp,688,0.15166944812087507,0.12288149591950548,0.5654939503361346,-0.2717306740750053
finite_pressure_strongest_three,transaction_cost,20_bp,688,0.04227409928366576,0.006507967315897423,0.15756976313220422,-0.3949382001804991
finite_pressure_strongest_three,subperiod,first_half,344,0.029878994579432168,-0.004952246290849782,0.11296026146979014,-0.26094087517852826
finite_pressure_strongest_three,subperiod,second_half,344,0.3828552504995273,0.41352122156631865,1.408081355926437,-0.26115361984923813
finite_pressure_strongest_three,leave_one_stock_out,AAPL,688,0.20636712253947975,0.18596842973992245,0.7692668228050927,-0.2611536198492388
finite_pressure_strongest_three,leave_one_stock_out,ADBE,688,0.21025760834929433,0.18689221855006877,0.7491009316461067,-0.2958454840728707
finite_pressure_strongest_three,leave_one_stock_out,AMD,688,0.269796170064105,0.26455235220500084,1.0163929616616063,-0.2611536198492387
finite_pressure_strongest_three,leave_one_stock_out,AMZN,688,0.20030342685827113,0.17876747929026893,0.7463412033249517,-0.26115361984923824
finite_pressure_strongest_three,leave_one_stock_out,CRM,688,0.18221242294028628,0.15446343103911464,0.6549390257117026,-0.2780929205533097
finite_pressure_strongest_three,leave_one_stock_out,CSCO,688,0.20636712253947975,0.18596842973992245,0.7692668228050927,-0.2611536198492388
finite_pressure_strongest_three,leave_one_stock_out,GOOGL,688,0.20636712253947975,0.18596842973992245,0.7692668228050927,-0.2611536198492388
finite_pressure_strongest_three,leave_one_stock_out,IBM,688,0.20636712253947975,0.18596842973992245,0.7692668228050927,-0.2611536198492388
finite_pressure_strongest_three,leave_one_stock_out,INTC,688,0.20636712253947975,0.18596842973992245,0.7692668228050927,-0.2611536198492388
finite_pressure_strongest_three,leave_one_stock_out,META,688,0.26771078451169,0.2589201751937973,0.9753604900111311,-0.29623636768851336
finite_pressure_strongest_three,leave_one_stock_out,MSFT,688,0.3066463222036771,0.30523097838501334,1.0747033545056273,-0.2615829115055237
finite_pressure_strongest_three,leave_one_stock_out,NVDA,688,0.09047514357492724,0.06046792287924774,0.3582042977102023,-0.3103419389308132
finite_pressure_strongest_three,leave_one_stock_out,ORCL,688,0.14620557694340802,0.11299457004576752,0.518974002262708,-0.33356447341847295
finite_pressure_strongest_three,leave_one_stock_out,QCOM,688,0.19224084454952758,0.16082447380502551,0.654685613685954,-0.2657536291472108
finite_pressure_strongest_three,leave_one_stock_out,TXN,688,0.19099090503334004,0.16796728315148957,0.7128528692827162,-0.2609408751785286
finite_pressure_stable_residuals,transaction_cost,0_bp,688,0.16596724312448516,0.14724201801125458,0.690196157657869,-0.3074515787084374
finite_pressure_stable_residuals,transaction_cost,5_bp,688,0.12918671986867117,0.10591677891538298,0.5380496945506471,-0.35178607859987554
finite_pressure_stable_residuals,transaction_cost,10_bp,688,0.09240619661285723,0.066059820302111,0.3853521246819893,-0.40571913524591563
finite_pressure_stable_residuals,transaction_cost,20_bp,688,0.01884515010122935,-0.009453264388663118,0.07873193119877046,-0.5005644264599761
finite_pressure_stable_residuals,subperiod,first_half,344,-0.14777661857046398,-0.1578627701416654,-0.6722577669133517,-0.20906336474633336
finite_pressure_stable_residuals,subperiod,second_half,344,0.40615005830780637,0.4523190265466823,1.5745816642174386,-0.21911205837877146
finite_pressure_stable_residuals,leave_one_stock_out,AAPL,688,0.12918671986867117,0.10591677891538298,0.5380496945506471,-0.35178607859987554
finite_pressure_stable_residuals,leave_one_stock_out,ADBE,688,0.15457662527999658,0.12912539635615405,0.5939281809269622,-0.34125009693254005
finite_pressure_stable_residuals,leave_one_stock_out,AMD,688,0.13789329862299712,0.11611564400627761,0.5793867888742394,-0.3475992022309904
finite_pressure_stable_residuals,leave_one_stock_out,AMZN,688,0.12918671986867117,0.10591677891538298,0.5380496945506471,-0.35178607859987554
finite_pressure_stable_residuals,leave_one_stock_out,CRM,688,0.13973677966985157,0.11602017064299686,0.5675632979318012,-0.345791818773875
finite_pressure_stable_residuals,leave_one_stock_out,CSCO,688,0.12918671986867117,0.10591677891538298,0.5380496945506471,-0.35178607859987554
finite_pressure_stable_residuals,leave_one_stock_out,GOOGL,688,0.12918671986867117,0.10591677891538298,0.5380496945506471,-0.35178607859987554
finite_pressure_stable_residuals,leave_one_stock_out,IBM,688,0.12918671986867117,0.10591677891538298,0.5380496945506471,-0.35178607859987554
finite_pressure_stable_residuals,leave_one_stock_out,INTC,688,0.12918671986867117,0.10591677891538298,0.5380496945506471,-0.35178607859987554
finite_pressure_stable_residuals,leave_one_stock_out,META,688,0.21749349263113052,0.20684124155295125,0.8899731019277098,-0.2656432558423094
finite_pressure_stable_residuals,leave_one_stock_out,MSFT,688,0.23767344580541983,0.22935859836783856,0.9429232033472738,-0.2858891587009531
finite_pressure_stable_residuals,leave_one_stock_out,NVDA,688,0.15122750908401053,0.13459781830626216,0.6732954181629607,-0.3535658625655381
finite_pressure_stable_residuals,leave_one_stock_out,ORCL,688,0.00595056599107908,-0.026019670134314055,0.023177825287912575,-0.44952694990877684
finite_pressure_stable_residuals,leave_one_stock_out,QCOM,688,0.09871090172315444,0.07034434739694717,0.3976695822101304,-0.38328930646400117
finite_pressure_stable_residuals,leave_one_stock_out,TXN,688,0.09394204353731009,0.06850171488311019,0.39703174042958256,-0.36117350597430353
finite_pressure_strongest_stable,transaction_cost,0_bp,688,0.19293841468914008,0.17830148437646876,0.7988467984496505,-0.2692298547153402
finite_pressure_strongest_stable,transaction_cost,5_bp,688,0.15777562399146558,0.1377002429453238,0.6542394444150877,-0.31303120345125246
finite_pressure_strongest_stable,transaction_cost,10_bp,688,0.1226128332937912,0.09847822516250315,0.5090819675513284,-0.3674431279367695
finite_pressure_strongest_stable,transaction_cost,20_bp,688,0.05228725189844231,0.023988663529171284,0.2175021204416003,-0.4637476959154835
finite_pressure_strongest_stable,subperiod,first_half,344,-0.14777661857046398,-0.1578627701416654,-0.6722577669133517,-0.20906336474633336
finite_pressure_strongest_stable,subperiod,second_half,344,0.4633278665533952,0.5369963432392,1.7844053577766117,-0.22456231476823563
finite_pressure_strongest_stable,leave_one_stock_out,AAPL,688,0.15777562399146558,0.1377002429453238,0.6542394444150877,-0.31303120345125246
finite_pressure_strongest_stable,leave_one_stock_out,ADBE,688,0.17704083525845132,0.15455331400040273,0.6782912506272488,-0.3133283608789762
finite_pressure_strongest_stable,leave_one_stock_out,AMD,688,0.1664822027457915,0.14819221803142102,0.6964009326011666,-0.3085940055980827
finite_pressure_strongest_stable,leave_one_stock_out,AMZN,688,0.15777562399146558,0.1377002429453238,0.6542394444150877,-0.31303120345125246
finite_pressure_strongest_stable,leave_one_stock_out,CRM,688,0.16832568379264598,0.14809400081411295,0.6808442776764623,-0.3448975838626429
finite_pressure_strongest_stable,leave_one_stock_out,CSCO,688,0.15777562399146558,0.1377002429453238,0.6542394444150877,-0.31303120345125246
finite_pressure_strongest_stable,leave_one_stock_out,GOOGL,688,0.15777562399146558,0.1377002429453238,0.6542394444150877,-0.31303120345125246
finite_pressure_strongest_stable,leave_one_stock_out,IBM,688,0.15777562399146558,0.1377002429453238,0.6542394444150877,-0.31303120345125246
finite_pressure_strongest_stable,leave_one_stock_out,INTC,688,0.15777562399146558,0.1377002429453238,0.6542394444150877,-0.31303120345125246
finite_pressure_strongest_stable,leave_one_stock_out,META,688,0.2643608272513565,0.26324756146875594,1.0605304582370143,-0.236063881144711
finite_pressure_strongest_stable,leave_one_stock_out,MSFT,688,0.23730441521362503,0.22914626369677515,0.9443611066894125,-0.2857804163134139
finite_pressure_strongest_stable,leave_one_stock_out,NVDA,688,0.1633461320811072,0.1484152264432832,0.7270847345782897,-0.3386285415431768
finite_pressure_strongest_stable,leave_one_stock_out,ORCL,688,0.032427417264763565,-0.00011261495130987509,0.12585936805702339,-0.4134111010053012
finite_pressure_strongest_stable,leave_one_stock_out,QCOM,688,0.12568720939024766,0.09944825571512927,0.5051001483824671,-0.38136790084388605
finite_pressure_strongest_stable,leave_one_stock_out,TXN,688,0.11970632728382637,0.09627729153934084,0.5049611905873962,-0.3278998045310796
finite_pressure_balanced_sides,transaction_cost,0_bp,688,0.27784816207742913,0.273407539988908,1.0326698983629048,-0.3052285048787806
finite_pressure_balanced_sides,transaction_cost,5_bp,688,0.22305281324021986,0.20557632919988778,0.8292434601409353,-0.3084855862833976
finite_pressure_balanced_sides,transaction_cost,10_bp,688,0.16825746440301056,0.14132415041824653,0.6255479075429755,-0.31172934123013585
finite_pressure_balanced_sides,transaction_cost,20_bp,688,0.058666766728591974,0.022818396891584047,0.21796001456881317,-0.3357305739671027
finite_pressure_balanced_sides,subperiod,first_half,344,0.1169148166876701,0.08864530613049793,0.461502268709729,-0.24300535181263416
finite_pressure_balanced_sides,subperiod,second_half,344,0.3291908097927696,0.335066873794845,1.1591890476747535,-0.30848558628339806
finite_pressure_balanced_sides,leave_one_stock_out,AAPL,688,0.22305281324021986,0.20557632919988778,0.8292434601409353,-0.3084855862833976
finite_pressure_balanced_sides,leave_one_stock_out,ADBE,688,0.24368740121773225,0.22668445609900156,0.8630444272738178,-0.312844266770561
finite_pressure_balanced_sides,leave_one_stock_out,AMD,688,0.28995573788071516,0.28991033739507066,1.0892261733876025,-0.30848558628339795
finite_pressure_balanced_sides,leave_one_stock_out,AMZN,688,0.217759354789568,0.19917884370071204,0.8092120417930083,-0.30848558628339817
finite_pressure_balanced_sides,leave_one_stock_out,CRM,688,0.21465441499581353,0.193023006302375,0.7755215842288786,-0.30848558628339806
finite_pressure_balanced_sides,leave_one_stock_out,CSCO,688,0.22305281324021986,0.20557632919988778,0.8292434601409353,-0.3084855862833976
finite_pressure_balanced_sides,leave_one_stock_out,GOOGL,688,0.22305281324021986,0.20557632919988778,0.8292434601409353,-0.3084855862833976
finite_pressure_balanced_sides,leave_one_stock_out,IBM,688,0.22305281324021986,0.20557632919988778,0.8292434601409353,-0.3084855862833976
finite_pressure_balanced_sides,leave_one_stock_out,INTC,688,0.22305281324021986,0.20557632919988778,0.8292434601409353,-0.3084855862833976
finite_pressure_balanced_sides,leave_one_stock_out,META,688,0.2489994283351181,0.23286192568759323,0.8842968763474877,-0.3786653347818624
finite_pressure_balanced_sides,leave_one_stock_out,MSFT,688,0.34890744916842287,0.36085130373010554,1.2165153031206486,-0.2659563645123836
finite_pressure_balanced_sides,leave_one_stock_out,NVDA,688,0.09758436984936542,0.06835478046303156,0.3886397150197371,-0.2967727753498559
finite_pressure_balanced_sides,leave_one_stock_out,ORCL,688,0.1438189418406598,0.10989318755435873,0.5093372599999669,-0.34608399496086817
finite_pressure_balanced_sides,leave_one_stock_out,QCOM,688,0.22530610217798905,0.20046132760624924,0.7724325649297712,-0.2632044718881925
finite_pressure_balanced_sides,leave_one_stock_out,TXN,688,0.21002875507203786,0.19022805568698642,0.7831676143564352,-0.30848558628339806
finite_pressure_residual_reversal,transaction_cost,0_bp,688,-0.0114672645572128,-0.043705500524807595,-0.04445010372311723,-0.49973146050556494
finite_pressure_residual_reversal,transaction_cost,5_bp,688,-0.043577729673491876,-0.07398243549653549,-0.16880500907684437,-0.5191848868552003
finite_pressure_residual_reversal,transaction_cost,10_bp,688,-0.07568819478977094,-0.10331704541532516,-0.2929316072808774,-0.5378921011170212
finite_pressure_residual_reversal,transaction_cost,20_bp,688,-0.13990912502232908,-0.1592737175800225,-0.5401937965143093,-0.5731797651379786
finite_pressure_residual_reversal,subperiod,first_half,344,0.012539141368624915,-0.016226670783068275,0.051489210096405114,-0.21171830026081428
finite_pressure_residual_reversal,subperiod,second_half,344,-0.09969460071560868,-0.1283474512858651,-0.36611415348383575,-0.43940857070314543
finite_pressure_residual_reversal,leave_one_stock_out,AAPL,688,-0.043577729673491876,-0.07398243549653549,-0.16880500907684437,-0.5191848868552003
finite_pressure_residual_reversal,leave_one_stock_out,ADBE,688,-0.09536608723186735,-0.11892948488999344,-0.38136202070350483,-0.5350306008740195
finite_pressure_residual_reversal,leave_one_stock_out,AMD,688,-0.013158211385644897,-0.04349524616942346,-0.05261094896619425,-0.5191848868552
finite_pressure_residual_reversal,leave_one_stock_out,AMZN,688,-0.043577729673491876,-0.07398243549653549,-0.16880500907684437,-0.5191848868552003
finite_pressure_residual_reversal,leave_one_stock_out,CRM,688,-0.09905763873593726,-0.12415909264953451,-0.38263308176591054,-0.5417645121315237
finite_pressure_residual_reversal,leave_one_stock_out,CSCO,688,-0.043577729673491876,-0.07398243549653549,-0.16880500907684437,-0.5191848868552003
finite_pressure_residual_reversal,leave_one_stock_out,GOOGL,688,-0.043577729673491876,-0.07398243549653549,-0.16880500907684437,-0.5191848868552003
finite_pressure_residual_reversal,leave_one_stock_out,IBM,688,-0.043577729673491876,-0.07398243549653549,-0.16880500907684437,-0.5191848868552003
finite_pressure_residual_reversal,leave_one_stock_out,INTC,688,-0.043577729673491876,-0.07398243549653549,-0.16880500907684437,-0.5191848868552003
finite_pressure_residual_reversal,leave_one_stock_out,META,688,-0.1086686802678322,-0.13347064487582572,-0.4142081283153277,-0.5688129426607373
finite_pressure_residual_reversal,leave_one_stock_out,MSFT,688,-0.008767642569856569,-0.04054225009159451,-0.03431701637419163,-0.4224757929282632
finite_pressure_residual_reversal,leave_one_stock_out,NVDA,688,-0.034895955280505,-0.06202197480063387,-0.14430268478226912,-0.4368091415417733
finite_pressure_residual_reversal,leave_one_stock_out,ORCL,688,-0.04651282895529803,-0.06777470271334451,-0.21400225875506898,-0.4751334976484227
finite_pressure_residual_reversal,leave_one_stock_out,QCOM,688,0.08689204357050584,0.05939138831251922,0.35830635558192575,-0.3202602546631155
finite_pressure_residual_reversal,leave_one_stock_out,TXN,688,-0.07864794699276352,-0.10908823765962616,-0.29098962818527585,-0.5446470371166122
finite_pressure_high_dispersion,transaction_cost,0_bp,688,0.2693956307727725,0.2721999788706104,1.1231546988677712,-0.240067371597247
finite_pressure_high_dispersion,transaction_cost,5_bp,688,0.224550863330912,0.2164704961489421,0.9365204068195288,-0.24915813108949403
finite_pressure_high_dispersion,transaction_cost,10_bp,688,0.17970609588905148,0.16315629812698962,0.7495660025933921,-0.2585065455387925
finite_pressure_high_dispersion,transaction_cost,20_bp,688,0.09001656100533058,0.06336393928010242,0.3752595071758326,-0.27688623280261615
finite_pressure_high_dispersion,subperiod,first_half,344,0.060629244167383314,0.03290092101333553,0.2543820032873226,-0.24915813108949403
finite_pressure_high_dispersion,subperiod,second_half,344,0.38847248249444066,0.43266448687942116,1.6112563323137312,-0.15200791168013994
finite_pressure_high_dispersion,leave_one_stock_out,AAPL,688,0.224550863330912,0.2164704961489421,0.9365204068195288,-0.24915813108949403
finite_pressure_high_dispersion,leave_one_stock_out,ADBE,688,0.2582654765635784,0.2545941062951176,1.0226987267016794,-0.24915813108949403
finite_pressure_high_dispersion,leave_one_stock_out,AMD,688,0.275693717670856,0.28200815599504736,1.1779761579213532,-0.2209623560577273
finite_pressure_high_dispersion,leave_one_stock_out,AMZN,688,0.21848716764970338,0.20908434357812156,0.9107318300038474,-0.24915813108949403
finite_pressure_high_dispersion,leave_one_stock_out,CRM,688,0.1838322922580836,0.16600170803037395,0.7450383536402828,-0.24967281140887754
finite_pressure_high_dispersion,leave_one_stock_out,CSCO,688,0.224550863330912,0.2164704961489421,0.9365204068195288,-0.24915813108949403
finite_pressure_high_dispersion,leave_one_stock_out,GOOGL,688,0.224550863330912,0.2164704961489421,0.9365204068195288,-0.24915813108949403
finite_pressure_high_dispersion,leave_one_stock_out,IBM,688,0.224550863330912,0.2164704961489421,0.9365204068195288,-0.24915813108949403
finite_pressure_high_dispersion,leave_one_stock_out,INTC,688,0.224550863330912,0.2164704961489421,0.9365204068195288,-0.24915813108949403
finite_pressure_high_dispersion,leave_one_stock_out,META,688,0.27749307103841797,0.2780857087923123,1.091346194054149,-0.22807218240324278
finite_pressure_high_dispersion,leave_one_stock_out,MSFT,688,0.2613398046759108,0.25725350069135344,1.0196001758372117,-0.26917702221157125
finite_pressure_high_dispersion,leave_one_stock_out,NVDA,688,0.16189054500664865,0.14568390269072817,0.7099884937342522,-0.2211517389248081
finite_pressure_high_dispersion,leave_one_stock_out,ORCL,688,0.16749474702892256,0.1446653539856635,0.6529718030734996,-0.2623269407863065
finite_pressure_high_dispersion,leave_one_stock_out,QCOM,688,0.17495705602179476,0.14974238346051605,0.6574773336636275,-0.2485430483494383
finite_pressure_high_dispersion,leave_one_stock_out,TXN,688,0.20720384510530873,0.1959738680195695,0.8696600153967673,-0.24443372415290832
finite_pressure_strongest_reversal,transaction_cost,0_bp,688,-0.0114672645572128,-0.043705500524807595,-0.04445010372311723,-0.49973146050556494
finite_pressure_strongest_reversal,transaction_cost,5_bp,688,-0.043577729673491876,-0.07398243549653549,-0.16880500907684437,-0.5191848868552003
finite_pressure_strongest_reversal,transaction_cost,10_bp,688,-0.07568819478977094,-0.10331704541532516,-0.2929316072808774,-0.5378921011170212
finite_pressure_strongest_reversal,transaction_cost,20_bp,688,-0.13990912502232908,-0.1592737175800225,-0.5401937965143093,-0.5731797651379786
finite_pressure_strongest_reversal,subperiod,first_half,344,0.012539141368624915,-0.016226670783068275,0.051489210096405114,-0.21171830026081428
finite_pressure_strongest_reversal,subperiod,second_half,344,-0.09969460071560868,-0.1283474512858651,-0.36611415348383575,-0.43940857070314543
finite_pressure_strongest_reversal,leave_one_stock_out,AAPL,688,-0.043577729673491876,-0.07398243549653549,-0.16880500907684437,-0.5191848868552003
finite_pressure_strongest_reversal,leave_one_stock_out,ADBE,688,-0.09536608723186735,-0.11892948488999344,-0.38136202070350483,-0.5350306008740195
finite_pressure_strongest_reversal,leave_one_stock_out,AMD,688,-0.013158211385644897,-0.04349524616942346,-0.05261094896619425,-0.5191848868552
finite_pressure_strongest_reversal,leave_one_stock_out,AMZN,688,-0.043577729673491876,-0.07398243549653549,-0.16880500907684437,-0.5191848868552003
finite_pressure_strongest_reversal,leave_one_stock_out,CRM,688,-0.09905763873593726,-0.12415909264953451,-0.38263308176591054,-0.5417645121315237
finite_pressure_strongest_reversal,leave_one_stock_out,CSCO,688,-0.043577729673491876,-0.07398243549653549,-0.16880500907684437,-0.5191848868552003
finite_pressure_strongest_reversal,leave_one_stock_out,GOOGL,688,-0.043577729673491876,-0.07398243549653549,-0.16880500907684437,-0.5191848868552003
finite_pressure_strongest_reversal,leave_one_stock_out,IBM,688,-0.043577729673491876,-0.07398243549653549,-0.16880500907684437,-0.5191848868552003
finite_pressure_strongest_reversal,leave_one_stock_out,INTC,688,-0.043577729673491876,-0.07398243549653549,-0.16880500907684437,-0.5191848868552003
finite_pressure_strongest_reversal,leave_one_stock_out,META,688,-0.1086686802678322,-0.13347064487582572,-0.4142081283153277,-0.5688129426607373
finite_pressure_strongest_reversal,leave_one_stock_out,MSFT,688,-0.008767642569856569,-0.04054225009159451,-0.03431701637419163,-0.4224757929282632
finite_pressure_strongest_reversal,leave_one_stock_out,NVDA,688,-0.034895955280505,-0.06202197480063387,-0.14430268478226912,-0.4368091415417733
finite_pressure_strongest_reversal,leave_one_stock_out,ORCL,688,-0.04651282895529803,-0.06777470271334451,-0.21400225875506898,-0.4751334976484227
finite_pressure_strongest_reversal,leave_one_stock_out,QCOM,688,0.08689204357050584,0.05939138831251922,0.35830635558192575,-0.3202602546631155
finite_pressure_strongest_reversal,leave_one_stock_out,TXN,688,-0.07864794699276352,-0.10908823765962616,-0.29098962818527585,-0.5446470371166122
finite_pressure_dispersion_balanced,transaction_cost,0_bp,688,0.2661653234523558,0.26446082084575817,1.0589336825159779,-0.22429000634530794
finite_pressure_dispersion_balanced,transaction_cost,5_bp,688,0.22202259089421622,0.20989777403131815,0.8833768303406211,-0.23184042758637946
finite_pressure_dispersion_balanced,transaction_cost,10_bp,688,0.1778798583360767,0.15766318238974897,0.7076289097804483,-0.23932096401332736
finite_pressure_dispersion_balanced,transaction_cost,20_bp,688,0.08959439321979765,0.05979043683734009,0.3560535217216741,-0.25806144145620846
finite_pressure_dispersion_balanced,subperiod,first_half,344,0.08742357896197347,0.05873372043734326,0.35371814550543995,-0.23184042758637946
finite_pressure_dispersion_balanced,subperiod,second_half,344,0.35662160282645894,0.38264475320692326,1.395660494981646,-0.20088156230945964
finite_pressure_dispersion_balanced,leave_one_stock_out,AAPL,688,0.22202259089421622,0.20989777403131815,0.8833768303406211,-0.23184042758637946
finite_pressure_dispersion_balanced,leave_one_stock_out,ADBE,688,0.2581800643607305,0.2504224567994717,0.9730336855681239,-0.23184042758637946
finite_pressure_dispersion_balanced,leave_one_stock_out,AMD,688,0.2856990130876977,0.2927430538985729,1.1860714284086455,-0.21530836167079737
finite_pressure_dispersion_balanced,leave_one_stock_out,AMZN,688,0.21672913244356437,0.20347735644565756,0.8618863570242888,-0.23184042758637946
finite_pressure_dispersion_balanced,leave_one_stock_out,CRM,688,0.20799666604849032,0.18797028679703565,0.7739423247255087,-0.2323669786891316
finite_pressure_dispersion_balanced,leave_one_stock_out,CSCO,688,0.22202259089421622,0.20989777403131815,0.8833768303406211,-0.23184042758637946
finite_pressure_dispersion_balanced,leave_one_stock_out,GOOGL,688,0.22202259089421622,0.20989777403131815,0.8833768303406211,-0.23184042758637946
finite_pressure_dispersion_balanced,leave_one_stock_out,IBM,688,0.22202259089421622,0.20989777403131815,0.8833768303406211,-0.23184042758637946
finite_pressure_dispersion_balanced,leave_one_stock_out,INTC,688,0.22202259089421622,0.20989777403131815,0.8833768303406211,-0.23184042758637946
finite_pressure_dispersion_balanced,leave_one_stock_out,META,688,0.2760327735631437,0.27013740649301643,1.0165195630297517,-0.2792328408693182
finite_pressure_dispersion_balanced,leave_one_stock_out,MSFT,688,0.2819247757176015,0.2797738862333854,1.0559915958866435,-0.24129362042221525
finite_pressure_dispersion_balanced,leave_one_stock_out,NVDA,688,0.15255394017273236,0.13320478851756978,0.6498413606260092,-0.24090612148626045
finite_pressure_dispersion_balanced,leave_one_stock_out,ORCL,688,0.1522325229270007,0.12500364304194722,0.5774119342744032,-0.2682963782261514
finite_pressure_dispersion_balanced,leave_one_stock_out,QCOM,688,0.18804389954376588,0.16366880145775542,0.6967871902899572,-0.2522937627028935
finite_pressure_dispersion_balanced,leave_one_stock_out,TXN,688,0.20526581587688295,0.1902877768129796,0.8221726360664076,-0.2270070551246366
finite_pressure_dispersion_strongest,transaction_cost,0_bp,688,0.2802161494586636,0.2855555411525539,1.1609425298248277,-0.23148593673609308
finite_pressure_dispersion_strongest,transaction_cost,5_bp,688,0.23598795178424503,0.22999779866871184,0.9780063345621568,-0.24074042070298418
finite_pressure_dispersion_strongest,transaction_cost,10_bp,688,0.19175975410982637,0.1768150128225272,0.7947594270290248,-0.25025388433155493
finite_pressure_dispersion_strongest,transaction_cost,20_bp,688,0.1033033587609892,0.07717687002989582,0.4278797914311644,-0.26895544653080217
finite_pressure_dispersion_strongest,subperiod,first_half,344,0.07191046699235575,0.04456243403571247,0.30143799478211825,-0.24074042070298418
finite_pressure_dispersion_strongest,subperiod,second_half,344,0.40006543657613436,0.44835247318319205,1.64021898030623,-0.1616839452371811
finite_pressure_dispersion_strongest,leave_one_stock_out,AAPL,688,0.23598795178424503,0.22999779866871184,0.9780063345621568,-0.24074042070298418
finite_pressure_dispersion_strongest,leave_one_stock_out,ADBE,688,0.2643916293969885,0.26189612378169635,1.0418303630231,-0.24074042070298418
finite_pressure_dispersion_strongest,leave_one_stock_out,AMD,688,0.28308038908270644,0.2910465410072409,1.2018519182039773,-0.2209623560577273
finite_pressure_dispersion_strongest,leave_one_stock_out,AMZN,688,0.22992425610303646,0.22252951116687636,0.9523566778802536,-0.24074042070298418
finite_pressure_dispersion_strongest,leave_one_stock_out,CRM,688,0.1977470420579184,0.18170472973283114,0.7945309261116544,-0.2412608711186418
finite_pressure_dispersion_strongest,leave_one_stock_out,CSCO,688,0.23598795178424503,0.22999779866871184,0.9780063345621568,-0.24074042070298418
finite_pressure_dispersion_strongest,leave_one_stock_out,GOOGL,688,0.23598795178424503,0.22999779866871184,0.9780063345621568,-0.24074042070298418
finite_pressure_dispersion_strongest,leave_one_stock_out,IBM,688,0.23598795178424503,0.22999779866871184,0.9780063345621568,-0.24074042070298418
finite_pressure_dispersion_strongest,leave_one_stock_out,INTC,688,0.23598795178424503,0.22999779866871184,0.9780063345621568,-0.24074042070298418
finite_pressure_dispersion_strongest,leave_one_stock_out,META,688,0.3013786507234689,0.3077975735744525,1.169610739470334,-0.21673026776620774
finite_pressure_dispersion_strongest,leave_one_stock_out,MSFT,688,0.27046213521981854,0.2684775354787148,1.0515787164607837,-0.25718615003161716
finite_pressure_dispersion_strongest,leave_one_stock_out,NVDA,688,0.16327060316773873,0.14657344223332824,0.7080616035192919,-0.22313361410601018
finite_pressure_dispersion_strongest,leave_one_stock_out,ORCL,688,0.17982911004951907,0.15850270930154853,0.697798047591328,-0.2540568663145647
finite_pressure_dispersion_strongest,leave_one_stock_out,QCOM,688,0.19386432083403402,0.17127716631242262,0.7250371203654804,-0.2485430483494383
finite_pressure_dispersion_strongest,leave_one_stock_out,TXN,688,0.21687901742895416,0.20706236336505413,0.9033481493756793,-0.23596304830058334
finite_pressure_dispersion_stable,transaction_cost,0_bp,688,0.21582150455673318,0.2097685313752886,0.9525135190095257,-0.22188246125754618
finite_pressure_dispersion_stable,transaction_cost,5_bp,688,0.1841688882776634,0.1721816544275594,0.8140554437566744,-0.2556864394437298
finite_pressure_dispersion_stable,transaction_cost,10_bp,688,0.1525162719985936,0.13574456253104938,0.6750174944977152,-0.29751379427767144
finite_pressure_dispersion_stable,transaction_cost,20_bp,688,0.0892110394404541,0.06618227658440623,0.3955817437267626,-0.3743032786042245
finite_pressure_dispersion_stable,subperiod,first_half,344,-0.11882237252100422,-0.12974122539683286,-0.590292777376693,-0.1961999286609124
finite_pressure_dispersion_stable,subperiod,second_half,344,0.48716014907633104,0.5788520277811291,1.9681839156384766,-0.11656212386131748
finite_pressure_dispersion_stable,leave_one_stock_out,AAPL,688,0.1841688882776634,0.1721816544275594,0.8140554437566744,-0.2556864394437298
finite_pressure_dispersion_stable,leave_one_stock_out,ADBE,688,0.2235629736244127,0.214472649075643,0.9135146921890925,-0.2507436993697598
finite_pressure_dispersion_stable,leave_one_stock_out,AMD,688,0.1896931818901494,0.1793061762920094,0.8478913536913757,-0.24485334488506283
finite_pressure_dispersion_stable,leave_one_stock_out,AMZN,688,0.1841688882776634,0.1721816544275594,0.8140554437566744,-0.2556864394437298
finite_pressure_dispersion_stable,leave_one_stock_out,CRM,688,0.19132679116558965,0.17906108981630142,0.8245405632257728,-0.309409855612257
finite_pressure_dispersion_stable,leave_one_stock_out,CSCO,688,0.1841688882776634,0.1721816544275594,0.8140554437566744,-0.2556864394437298
finite_pressure_dispersion_stable,leave_one_stock_out,GOOGL,688,0.1841688882776634,0.1721816544275594,0.8140554437566744,-0.2556864394437298
finite_pressure_dispersion_stable,leave_one_stock_out,IBM,688,0.1841688882776634,0.1721816544275594,0.8140554437566744,-0.2556864394437298
finite_pressure_dispersion_stable,leave_one_stock_out,INTC,688,0.1841688882776634,0.1721816544275594,0.8140554437566744,-0.2556864394437298
finite_pressure_dispersion_stable,leave_one_stock_out,META,688,0.2715113438176794,0.27801247450201316,1.1784657966443108,-0.19824856372456012
finite_pressure_dispersion_stable,leave_one_stock_out,MSFT,688,0.21429483480451594,0.2044859280193998,0.8928810103092033,-0.2551766650405852
finite_pressure_dispersion_stable,leave_one_stock_out,NVDA,688,0.19437560753968672,0.18741834073248165,0.9090737738958671,-0.2284176162442506
finite_pressure_dispersion_stable,leave_one_stock_out,ORCL,688,0.061115873934954976,0.032524791768714145,0.25053213567780325,-0.3321834957973433
finite_pressure_dispersion_stable,leave_one_stock_out,QCOM,688,0.12356130145849606,0.10046485513076742,0.5230861285597628,-0.3877630888612472
finite_pressure_dispersion_stable,leave_one_stock_out,TXN,688,0.1460660186508626,0.12928295339002616,0.6561585833470741,-0.2556864394437298
finite_pressure_multi_horizon,transaction_cost,0_bp,688,0.032177725380613656,0.004374960474755385,0.1365700877895371,-0.3375265223095403
finite_pressure_multi_horizon,transaction_cost,5_bp,688,-0.00048826299147940855,-0.027994517966642762,-0.0020691986997025446,-0.3596922645096453
finite_pressure_multi_horizon,transaction_cost,10_bp,688,-0.03315425136357243,-0.05933659337905539,-0.14026222468407104,-0.38981075279675237
finite_pressure_multi_horizon,transaction_cost,20_bp,688,-0.09848622810775846,-0.11906597888439363,-0.4149561141379383,-0.4797036432340658
finite_pressure_multi_horizon,subperiod,first_half,344,-0.25253945624593394,-0.24168017907569017,-1.158818161616096,-0.3596922645096453
finite_pressure_multi_horizon,subperiod,second_half,344,0.2515629302629751,0.24590526455090678,0.9981015996886665,-0.2478605769269222
finite_pressure_multi_horizon,leave_one_stock_out,AAPL,688,-0.00048826299147940855,-0.027994517966642762,-0.0020691986997025446,-0.3596922645096453
finite_pressure_multi_horizon,leave_one_stock_out,ADBE,688,-0.0644593226037723,-0.08668073431015122,-0.28228618234512814,-0.36927640803840633
finite_pressure_multi_horizon,leave_one_stock_out,AMD,688,0.009621692658408999,-0.018141063950930736,0.040756951381574466,-0.3418151391671792
finite_pressure_multi_horizon,leave_one_stock_out,AMZN,688,-0.005995370630066301,-0.03335712487680709,-0.02539642920191002,-0.36929088846849656
finite_pressure_multi_horizon,leave_one_stock_out,CRM,688,0.007383017592218407,-0.01976001417908535,0.03159257402864016,-0.38438304727439776
finite_pressure_multi_horizon,leave_one_stock_out,CSCO,688,-0.00048826299147940855,-0.027994517966642762,-0.0020691986997025446,-0.3596922645096453
finite_pressure_multi_horizon,leave_one_stock_out,GOOGL,688,-0.00048826299147940855,-0.027994517966642762,-0.0020691986997025446,-0.3596922645096453
finite_pressure_multi_horizon,leave_one_stock_out,IBM,688,-0.00048826299147940855,-0.027994517966642762,-0.0020691986997025446,-0.3596922645096453
finite_pressure_multi_horizon,leave_one_stock_out,INTC,688,-0.00048826299147940855,-0.027994517966642762,-0.0020691986997025446,-0.3596922645096453
finite_pressure_multi_horizon,leave_one_stock_out,META,688,-0.04436605065744874,-0.07071150711648466,-0.18481028870242378,-0.37636334343619404
finite_pressure_multi_horizon,leave_one_stock_out,MSFT,688,0.061461471095381505,0.033824532344093106,0.25912518988105443,-0.39899427695005774
finite_pressure_multi_horizon,leave_one_stock_out,NVDA,688,0.024303119037924738,0.0006942998651850996,0.11174776453325971,-0.29244005501441594
finite_pressure_multi_horizon,leave_one_stock_out,ORCL,688,-0.052035530439074364,-0.07715270042109423,-0.21813375918539216,-0.38554398207810237
finite_pressure_multi_horizon,leave_one_stock_out,QCOM,688,0.07558264058449968,0.04601176130289408,0.30619397939158993,-0.3407869539064984
finite_pressure_multi_horizon,leave_one_stock_out,TXN,688,-0.010046905220162609,-0.03827040876949206,-0.041864656271169386,-0.3624813270052878
finite_pressure_multi_horizon_dispersion,transaction_cost,0_bp,688,0.13330502717901138,0.11749871322838912,0.631777058593404,-0.24909466395627355
finite_pressure_multi_horizon_dispersion,transaction_cost,5_bp,688,0.10503438764412765,0.08631324490069114,0.49737153518856714,-0.26926904499948534
finite_pressure_multi_horizon_dispersion,transaction_cost,10_bp,688,0.07676374810924393,0.055982708584474405,0.3631015567479172,-0.2889117801848309
finite_pressure_multi_horizon_dispersion,transaction_cost,20_bp,688,0.020222469039476474,-0.0022050282974309665,0.09537300886665592,-0.32665691449320033
finite_pressure_multi_horizon_dispersion,subperiod,first_half,344,-0.11815223885156448,-0.12659318177883483,-0.6366218389431023,-0.26926904499948534
finite_pressure_multi_horizon_dispersion,subperiod,second_half,344,0.3282210141398198,0.3511189075098897,1.4061761448386088,-0.13953587884034657
finite_pressure_multi_horizon_dispersion,leave_one_stock_out,AAPL,688,0.10503438764412765,0.08631324490069114,0.49737153518856714,-0.26926904499948534
finite_pressure_multi_horizon_dispersion,leave_one_stock_out,ADBE,688,0.045373722192863966,0.025263200963040022,0.22445556779377906,-0.27007489392202766
finite_pressure_multi_horizon_dispersion,leave_one_stock_out,AMD,688,0.11903239944687356,0.10158057915187468,0.5631851107977223,-0.24088856708311712
finite_pressure_multi_horizon_dispersion,leave_one_stock_out,AMZN,688,0.09952728000554077,0.08031999586929639,0.4710095230993986,-0.28022317106009076
finite_pressure_multi_horizon_dispersion,leave_one_stock_out,CRM,688,0.08428221753114942,0.06389125809966512,0.39811083596509844,-0.3083919096979817
finite_pressure_multi_horizon_dispersion,leave_one_stock_out,CSCO,688,0.10503438764412765,0.08631324490069114,0.49737153518856714,-0.26926904499948534
finite_pressure_multi_horizon_dispersion,leave_one_stock_out,GOOGL,688,0.10503438764412765,0.08631324490069114,0.49737153518856714,-0.26926904499948534
finite_pressure_multi_horizon_dispersion,leave_one_stock_out,IBM,688,0.10503438764412765,0.08631324490069114,0.49737153518856714,-0.26926904499948534
finite_pressure_multi_horizon_dispersion,leave_one_stock_out,INTC,688,0.10503438764412765,0.08631324490069114,0.49737153518856714,-0.26926904499948534
finite_pressure_multi_horizon_dispersion,leave_one_stock_out,META,688,0.10184766667509942,0.0801587987680068,0.457864338183402,-0.23178077622224547
finite_pressure_multi_horizon_dispersion,leave_one_stock_out,MSFT,688,0.09320205653918469,0.07221722211035875,0.4297778949654352,-0.3059405053486828
finite_pressure_multi_horizon_dispersion,leave_one_stock_out,NVDA,688,0.08360480037352866,0.06588361702439038,0.4195755549070504,-0.20286330981637046
finite_pressure_multi_horizon_dispersion,leave_one_stock_out,ORCL,688,0.05236541721289004,0.030802301540076016,0.24760210230662355,-0.26079942800823863
finite_pressure_multi_horizon_dispersion,leave_one_stock_out,QCOM,688,0.16600994494735596,0.15110989536976738,0.7388098907621141,-0.25979236911838854
finite_pressure_multi_horizon_dispersion,leave_one_stock_out,TXN,688,0.09547574541544443,0.07482891020441262,0.44267713955714894,-0.27245197437552415
dispersion_strongest_inverse_volatility,transaction_cost,0_bp,688,0.26167798669991565,0.26358132082130226,1.108593345680098,-0.239740728924555
dispersion_strongest_inverse_volatility,transaction_cost,5_bp,688,0.2171364709305151,0.20861998759281475,0.9205868249586482,-0.2487901245977362
dispersion_strongest_inverse_volatility,transaction_cost,10_bp,688,0.17259495516111467,0.15602359811548738,0.7321070109509932,-0.2577359257737074
dispersion_strongest_inverse_volatility,transaction_cost,20_bp,688,0.0835119236223137,0.05752725468737063,0.3543117298770135,-0.27878286573521227
dispersion_strongest_inverse_volatility,subperiod,first_half,344,0.05618898476533191,0.03107457673262548,0.24814733033065953,-0.2487901245977362
dispersion_strongest_inverse_volatility,subperiod,second_half,344,0.3780839570956983,0.41673774853208867,1.5441573676407947,-0.15886482949285696
dispersion_strongest_inverse_volatility,leave_one_stock_out,AAPL,688,0.2171364709305151,0.20861998759281475,0.9205868249586482,-0.2487901245977362
dispersion_strongest_inverse_volatility,leave_one_stock_out,ADBE,688,0.236970517625054,0.23024867591050047,0.9655513777760474,-0.2487901245977362
dispersion_strongest_inverse_volatility,leave_one_stock_out,AMD,688,0.2602768363450553,0.2634951093388789,1.129816108738525,-0.22933969964835899
dispersion_strongest_inverse_volatility,leave_one_stock_out,AMZN,688,0.21109103689340702,0.20129244522194867,0.8943031424860416,-0.2487901245977362
dispersion_strongest_inverse_volatility,leave_one_stock_out,CRM,688,0.17308911784054712,0.15472484876711623,0.713628621939138,-0.24749133292674197
dispersion_strongest_inverse_volatility,leave_one_stock_out,CSCO,688,0.2171364709305151,0.20861998759281475,0.9205868249586482,-0.2487901245977362
dispersion_strongest_inverse_volatility,leave_one_stock_out,GOOGL,688,0.2171364709305151,0.20861998759281475,0.9205868249586482,-0.2487901245977362
dispersion_strongest_inverse_volatility,leave_one_stock_out,IBM,688,0.2171364709305151,0.20861998759281475,0.9205868249586482,-0.2487901245977362
dispersion_strongest_inverse_volatility,leave_one_stock_out,INTC,688,0.2171364709305151,0.20861998759281475,0.9205868249586482,-0.2487901245977362
dispersion_strongest_inverse_volatility,leave_one_stock_out,META,688,0.3110710810102349,0.32221211099569835,1.2303553302819947,-0.21431458148035165
dispersion_strongest_inverse_volatility,leave_one_stock_out,MSFT,688,0.2397075525060199,0.23144856823893956,0.9484963099238377,-0.26984715893701605
dispersion_strongest_inverse_volatility,leave_one_stock_out,NVDA,688,0.1412193714815496,0.12223492695235305,0.618791758345699,-0.23285587458092138
dispersion_strongest_inverse_volatility,leave_one_stock_out,ORCL,688,0.18969086578331867,0.17060472448561437,0.7418489925837031,-0.26020819089667047
dispersion_strongest_inverse_volatility,leave_one_stock_out,QCOM,688,0.16686624518266266,0.14184033187447143,0.6379729045041301,-0.25578632796153766
dispersion_strongest_inverse_volatility,leave_one_stock_out,TXN,688,0.19835502308193884,0.18650404651903418,0.8458562750356194,-0.24406340211044164
dispersion_strongest_signal_weighted,transaction_cost,0_bp,688,0.2710849122217895,0.27245756774162055,1.1018039068404513,-0.23024025191362552
dispersion_strongest_signal_weighted,transaction_cost,5_bp,688,0.224778672325931,0.2149406857401932,0.9139094128615469,-0.2403515255176636
dispersion_strongest_signal_weighted,transaction_cost,10_bp,688,0.17847243243007252,0.15999743086961327,0.7257159019500102,-0.2504466683841623
dispersion_strongest_signal_weighted,transaction_cost,20_bp,688,0.0858599526383555,0.05738084935060628,0.3489602789907176,-0.27024926277250805
dispersion_strongest_signal_weighted,subperiod,first_half,344,0.09099739213577673,0.06280183187054056,0.36938092786603616,-0.2403515255176636
dispersion_strongest_signal_weighted,subperiod,second_half,344,0.35855995251608525,0.38885804070259633,1.4597973249888037,-0.16895875007030525
dispersion_strongest_signal_weighted,leave_one_stock_out,AAPL,688,0.224778672325931,0.2149406857401932,0.9139094128615469,-0.2403515255176636
dispersion_strongest_signal_weighted,leave_one_stock_out,ADBE,688,0.2560299278604001,0.24969453184521084,0.9876007371962906,-0.2403515255176636
dispersion_strongest_signal_weighted,leave_one_stock_out,AMD,688,0.2766529393226943,0.2814049906099849,1.152057577866794,-0.21627947584804308
dispersion_strongest_signal_weighted,leave_one_stock_out,AMZN,688,0.21835857481016677,0.2071247850178619,0.8872344763562479,-0.2403515255176636
dispersion_strongest_signal_weighted,leave_one_stock_out,CRM,688,0.186049236642935,0.16617251316235904,0.7291342171273173,-0.24180084119994416
dispersion_strongest_signal_weighted,leave_one_stock_out,CSCO,688,0.224778672325931,0.2149406857401932,0.9139094128615469,-0.2403515255176636
dispersion_strongest_signal_weighted,leave_one_stock_out,GOOGL,688,0.224778672325931,0.2149406857401932,0.9139094128615469,-0.2403515255176636
dispersion_strongest_signal_weighted,leave_one_stock_out,IBM,688,0.224778672325931,0.2149406857401932,0.9139094128615469,-0.2403515255176636
dispersion_strongest_signal_weighted,leave_one_stock_out,INTC,688,0.224778672325931,0.2149406857401932,0.9139094128615469,-0.2403515255176636
dispersion_strongest_signal_weighted,leave_one_stock_out,META,688,0.2860494045831287,0.2864636397459084,1.0913991419348428,-0.21476116010952084
dispersion_strongest_signal_weighted,leave_one_stock_out,MSFT,688,0.2626109706738135,0.2573761816634057,1.0067620479087502,-0.25286175192621085
dispersion_strongest_signal_weighted,leave_one_stock_out,NVDA,688,0.14773683026679038,0.12858346585228242,0.6373728704212703,-0.2191842744282282
dispersion_strongest_signal_weighted,leave_one_stock_out,ORCL,688,0.15641658469982248,0.13097069690866814,0.6012540393300732,-0.26349374540233617
dispersion_strongest_signal_weighted,leave_one_stock_out,QCOM,688,0.20294892720465935,0.1807531877481805,0.747866915136845,-0.25664440156719326
dispersion_strongest_signal_weighted,leave_one_stock_out,TXN,688,0.20971066908070804,0.1970978969912498,0.8566861001098289,-0.23557170612983613
dispersion_strongest_combined_weighting,transaction_cost,0_bp,688,0.2462757311058098,0.2433509476951583,1.0300824415520817,-0.23992332978319408
dispersion_strongest_combined_weighting,transaction_cost,5_bp,688,0.2002693422647532,0.1875265211580417,0.8382751600438522,-0.24942995636080223
dispersion_strongest_combined_weighting,transaction_cost,10_bp,688,0.1542629534236966,0.13418309726666267,0.6460236871036474,-0.2588216843909176
dispersion_strongest_combined_weighting,transaction_cost,20_bp,688,0.062250175741583376,0.034507466740145265,0.2607560333297894,-0.29187830756232847
dispersion_strongest_combined_weighting,subperiod,first_half,344,0.06969695879399665,0.043955179239114406,0.30121263879135335,-0.24942995636080223
dispersion_strongest_combined_weighting,subperiod,second_half,344,0.3308417257355098,0.3508427052218439,1.3434769359506433,-0.17310802828838978
dispersion_strongest_combined_weighting,leave_one_stock_out,AAPL,688,0.2002693422647532,0.1875265211580417,0.8382751600438522,-0.24942995636080223
dispersion_strongest_combined_weighting,leave_one_stock_out,ADBE,688,0.22277718450761166,0.21170211844265774,0.8929771768488387,-0.24942995636080223
dispersion_strongest_combined_weighting,leave_one_stock_out,AMD,688,0.24789236313693352,0.24709289992753702,1.06285590491011,-0.2264996430466797
dispersion_strongest_combined_weighting,leave_one_stock_out,AMZN,688,0.19367752071575087,0.1797015692701538,0.8103443782362911,-0.24942995636080223
dispersion_strongest_combined_weighting,leave_one_stock_out,CRM,688,0.1570099476662935,0.13499485351309515,0.6350206937594366,-0.2496379711876644
dispersion_strongest_combined_weighting,leave_one_stock_out,CSCO,688,0.2002693422647532,0.1875265211580417,0.8382751600438522,-0.24942995636080223
dispersion_strongest_combined_weighting,leave_one_stock_out,GOOGL,688,0.2002693422647532,0.1875265211580417,0.8382751600438522,-0.24942995636080223
dispersion_strongest_combined_weighting,leave_one_stock_out,IBM,688,0.2002693422647532,0.1875265211580417,0.8382751600438522,-0.24942995636080223
dispersion_strongest_combined_weighting,leave_one_stock_out,INTC,688,0.2002693422647532,0.1875265211580417,0.8382751600438522,-0.24942995636080223
dispersion_strongest_combined_weighting,leave_one_stock_out,META,688,0.28967441680895734,0.2932752782895307,1.1331975970322918,-0.20958962567050898
dispersion_strongest_combined_weighting,leave_one_stock_out,MSFT,688,0.2291630893972464,0.21762281305222397,0.8965137291278537,-0.26635434455320184
dispersion_strongest_combined_weighting,leave_one_stock_out,NVDA,688,0.12168383436626364,0.10038746521247988,0.5322220190346979,-0.24682678995848106
dispersion_strongest_combined_weighting,leave_one_stock_out,ORCL,688,0.16512746093152014,0.14165358883466106,0.6414941487211862,-0.26875440856568145
dispersion_strongest_combined_weighting,leave_one_stock_out,QCOM,688,0.1738967123418189,0.14925157699356606,0.6594153891133867,-0.2595867445815112
dispersion_strongest_combined_weighting,leave_one_stock_out,TXN,688,0.18584944212736515,0.17087383764778608,0.7821893075519228,-0.24470725978860985
dispersion_strongest_no_direct_reversal,transaction_cost,0_bp,688,0.2885771606996511,0.2964033642758066,1.196615506838786,-0.20969700206549846
dispersion_strongest_no_direct_reversal,transaction_cost,5_bp,688,0.24389111418802323,0.23980767152124383,1.0115818169921986,-0.21959939447533672
dispersion_strongest_no_direct_reversal,transaction_cost,10_bp,688,0.1992050676763953,0.18565653998477072,0.8262501341340748,-0.22975827611029565
dispersion_strongest_no_direct_reversal,transaction_cost,20_bp,688,0.10983297465313946,0.08427453964593545,0.4552369942259848,-0.24971263665537602
dispersion_strongest_no_direct_reversal,subperiod,first_half,344,0.07865093357416034,0.05175861971226969,0.3304233985957672,-0.21959939447533672
dispersion_strongest_no_direct_reversal,subperiod,second_half,344,0.40913129480188615,0.46147893019734987,1.6765604740673308,-0.16168394523718066
dispersion_strongest_no_direct_reversal,leave_one_stock_out,AAPL,688,0.24389111418802323,0.23980767152124383,1.0115818169921986,-0.21959939447533672
dispersion_strongest_no_direct_reversal,leave_one_stock_out,ADBE,688,0.27283665482508035,0.27260329548168816,1.0753007702818205,-0.21959939447533672
dispersion_strongest_no_direct_reversal,leave_one_stock_out,AMD,688,0.2793968331922445,0.286228591976895,1.1849543100654092,-0.2244073420555276
dispersion_strongest_no_direct_reversal,leave_one_stock_out,AMZN,688,0.23782741850681466,0.2322798205381591,0.985889306719756,-0.21959939447533672
dispersion_strongest_no_direct_reversal,leave_one_stock_out,CRM,688,0.21235206979739288,0.19922639003465825,0.8549116360783655,-0.21209128443999858
dispersion_strongest_no_direct_reversal,leave_one_stock_out,CSCO,688,0.24389111418802323,0.23980767152124383,1.0115818169921986,-0.21959939447533672
dispersion_strongest_no_direct_reversal,leave_one_stock_out,GOOGL,688,0.24389111418802323,0.23980767152124383,1.0115818169921986,-0.21959939447533672
dispersion_strongest_no_direct_reversal,leave_one_stock_out,IBM,688,0.24389111418802323,0.23980767152124383,1.0115818169921986,-0.21959939447533672
dispersion_strongest_no_direct_reversal,leave_one_stock_out,INTC,688,0.24389111418802323,0.23980767152124383,1.0115818169921986,-0.21959939447533672
dispersion_strongest_no_direct_reversal,leave_one_stock_out,META,688,0.3127449458305874,0.3226673420883801,1.2128013134922222,-0.20153882387123723
dispersion_strongest_no_direct_reversal,leave_one_stock_out,MSFT,688,0.27860464779466876,0.2789585509126762,1.084770224425221,-0.23402719703670727
dispersion_strongest_no_direct_reversal,leave_one_stock_out,NVDA,688,0.17176423144309047,0.15644033194803408,0.7460121794867307,-0.22313361410600963
dispersion_strongest_no_direct_reversal,leave_one_stock_out,ORCL,688,0.18911949186514287,0.16938695934489667,0.7345886288955805,-0.23363538256971095
dispersion_strongest_no_direct_reversal,leave_one_stock_out,QCOM,688,0.19991131296448952,0.17837802293608762,0.7476716617509652,-0.24816522718746237
dispersion_strongest_no_direct_reversal,leave_one_stock_out,TXN,688,0.22621977297755685,0.21843278057807525,0.9429459504747553,-0.2146889996415936
dispersion_strongest_three_day_cooldown,transaction_cost,0_bp,688,0.2323781782643675,0.225085538970887,0.9564136302511329,-0.23296266172236435
dispersion_strongest_three_day_cooldown,transaction_cost,5_bp,688,0.1897555038457628,0.1740318499722595,0.7814409470119277,-0.24216590318947218
dispersion_strongest_three_day_cooldown,transaction_cost,10_bp,688,0.14713282942715813,0.12508188964784273,0.6061208610579744,-0.251352120651292
dispersion_strongest_three_day_cooldown,transaction_cost,20_bp,688,0.061887480589948904,0.03315378941975844,0.2549393965126313,-0.3360640696552043
dispersion_strongest_three_day_cooldown,subperiod,first_half,344,-0.06964326992388341,-0.09347597806079788,-0.2912535274980367,-0.24216590318947218
dispersion_strongest_three_day_cooldown,subperiod,second_half,344,0.44915427761540905,0.5204790511792183,1.827724769765827,-0.1388965537170327
dispersion_strongest_three_day_cooldown,leave_one_stock_out,AAPL,688,0.1897555038457628,0.1740318499722595,0.7814409470119277,-0.24216590318947218
dispersion_strongest_three_day_cooldown,leave_one_stock_out,ADBE,688,0.22554210980749417,0.21359534123188073,0.8857654830055689,-0.25783231361874226
dispersion_strongest_three_day_cooldown,leave_one_stock_out,AMD,688,0.2435922926358156,0.24203516896033994,1.04807554399831,-0.21045927799447106
dispersion_strongest_three_day_cooldown,leave_one_stock_out,AMZN,688,0.1836918081645542,0.16690337592019677,0.7560765250806658,-0.2421659031894723
dispersion_strongest_three_day_cooldown,leave_one_stock_out,CRM,688,0.1776563941316599,0.1577017775701115,0.7087230564813802,-0.2333791038630375
dispersion_strongest_three_day_cooldown,leave_one_stock_out,CSCO,688,0.1897555038457628,0.1740318499722595,0.7814409470119277,-0.24216590318947218
dispersion_strongest_three_day_cooldown,leave_one_stock_out,GOOGL,688,0.1897555038457628,0.1740318499722595,0.7814409470119277,-0.24216590318947218
dispersion_strongest_three_day_cooldown,leave_one_stock_out,IBM,688,0.1897555038457628,0.1740318499722595,0.7814409470119277,-0.24216590318947218
dispersion_strongest_three_day_cooldown,leave_one_stock_out,INTC,688,0.1897555038457628,0.1740318499722595,0.7814409470119277,-0.24216590318947218
dispersion_strongest_three_day_cooldown,leave_one_stock_out,META,688,0.2543787174218233,0.2482120126491989,0.9917026307344108,-0.2030167538972727
dispersion_strongest_three_day_cooldown,leave_one_stock_out,MSFT,688,0.2204685437038683,0.20683822963060639,0.8591558461322603,-0.23554827137839685
dispersion_strongest_three_day_cooldown,leave_one_stock_out,NVDA,688,0.11302085660484996,0.09001791941897741,0.4869697264547724,-0.2701539688170469
dispersion_strongest_three_day_cooldown,leave_one_stock_out,ORCL,688,0.14488403054837262,0.11830387269998988,0.5589253354766521,-0.2542338486839478
dispersion_strongest_three_day_cooldown,leave_one_stock_out,QCOM,688,0.12621678015180077,0.09420127712134274,0.46904743435528135,-0.36096368732992035
dispersion_strongest_three_day_cooldown,leave_one_stock_out,TXN,688,0.1885001503832658,0.1726464349984249,0.7772872904803536,-0.2421659031894724
finite_residual_pressure,parameter_neighborhood,pressure_3_normalization_40,688,-0.3140443841872607,-0.32202663541885834,-0.8604130689313526,-0.7477153037054807
finite_residual_pressure,parameter_neighborhood,pressure_3_normalization_60,688,-0.1876866806322991,-0.20912369049766166,-0.6175384229707934,-0.5835753249640159
finite_residual_pressure,parameter_neighborhood,pressure_3_normalization_90,688,-0.11249864023917622,-0.14888390657757422,-0.3632468477991034,-0.5193803522106271
finite_residual_pressure,parameter_neighborhood,pressure_5_normalization_40,688,-0.08065110673187534,-0.140618965277299,-0.22693922908835581,-0.4980079496298411
finite_residual_pressure,parameter_neighborhood,pressure_5_normalization_60,688,0.1950216038535885,0.17303307074035756,0.7307219578587656,-0.2609408751785286
finite_residual_pressure,parameter_neighborhood,pressure_5_normalization_90,688,0.1325225711860057,0.09288800765378591,0.44542333835798087,-0.35115153563197654
finite_residual_pressure,parameter_neighborhood,pressure_10_normalization_40,688,0.011213548412454718,-0.03116806735277089,0.03840862926268148,-0.3552813126544193
finite_residual_pressure,parameter_neighborhood,pressure_10_normalization_60,688,-0.11020578447717878,-0.13570731474780773,-0.41582498141119034,-0.46343146780765
finite_residual_pressure,parameter_neighborhood,pressure_10_normalization_90,688,0.10321221456826507,0.07207801626451138,0.39821859391347747,-0.297299414598457
finite_pressure_dispersion_strongest,dispersion_neighborhood,history_40_quantile_0.5_entries_3,688,0.15080959831144058,0.12628454961711322,0.595592976340296,-0.2623234295626694
finite_pressure_dispersion_strongest,dispersion_neighborhood,history_60_quantile_0.4_entries_3,688,0.21477100545041955,0.1997142654089039,0.8378992477491201,-0.24074042070298418
finite_pressure_dispersion_strongest,dispersion_neighborhood,history_60_quantile_0.5_entries_2,688,0.22921290409174627,0.22093018189177704,0.9396890479780666,-0.24178914742419755
finite_pressure_dispersion_strongest,dispersion_neighborhood,history_60_quantile_0.5_entries_3,688,0.23598795178424503,0.22999779866871184,0.9780063345621568,-0.24074042070298418
finite_pressure_dispersion_strongest,dispersion_neighborhood,history_60_quantile_0.5_entries_4,688,0.2260335764762501,0.21824740890820227,0.9423414300467443,-0.24915813108949403
finite_pressure_dispersion_strongest,dispersion_neighborhood,history_60_quantile_0.6_entries_3,688,0.219840880469595,0.21619798950050173,0.998101129735977,-0.16168394523718121
finite_pressure_dispersion_strongest,dispersion_neighborhood,history_90_quantile_0.5_entries_3,688,0.17577420980151956,0.15607292236590364,0.7071783712330368,-0.24074042070298418
dispersion_strongest_no_direct_reversal,execution_neighborhood,cooldown_0,688,0.24389111418802323,0.23980767152124383,1.0115818169921986,-0.21959939447533672
dispersion_strongest_no_direct_reversal,execution_neighborhood,cooldown_1,688,0.1896872694923351,0.1731789887704005,0.7725110624363667,-0.25556100655224345
dispersion_strongest_no_direct_reversal,execution_neighborhood,cooldown_2,688,0.19299482444915608,0.17732253226004713,0.7888988848488789,-0.2513071909830641
dispersion_strongest_no_direct_reversal,execution_neighborhood,cooldown_3,688,0.1897555038457628,0.1740318499722595,0.7814409470119277,-0.24216590318947218
dispersion_strongest_no_direct_reversal,execution_neighborhood,cooldown_5,688,0.1983723372679903,0.18560443316476127,0.8342523277188979,-0.20571239462577662
