check,setting,observations,annualized_mean,cagr,sharpe,max_drawdown
transaction_cost,0_bp,946,0.039542689149305185,0.03754805711037146,0.5396239637277155,-0.13609307687249927
transaction_cost,5_bp,946,0.03448137836706417,0.032312669693072005,0.47072446699377685,-0.1393988358434134
transaction_cost,10_bp,946,0.029420067584823153,0.027101146516954833,0.40159638970730716,-0.14269344657126137
transaction_cost,20_bp,946,0.019297446020341117,0.016749303140898064,0.2630240027910319,-0.14924935391454652
subperiod,first_half,473,0.03422356053913584,0.03316448599052291,0.6054057355998482,-0.09467083385321462
subperiod,second_half,473,0.034739196194992494,0.03146155569522002,0.3998730990207575,-0.08429627446532928
leave_one_stock_out,AFL,946,0.05253022623991252,0.0506397388203188,0.6636006721253942,-0.11439765290747073
leave_one_stock_out,AIG,946,0.025934690634874826,0.02301670739329187,0.32508996238283844,-0.10450765478117185
leave_one_stock_out,ALL,946,0.01653513887023327,0.013536507103741657,0.21022889873559888,-0.16094174305226705
leave_one_stock_out,AXP,946,0.0507351127686556,0.04837408292397183,0.6074249763326287,-0.1701543111679512
leave_one_stock_out,C,946,0.006760814666010034,0.0026097571426522137,0.07420979409871133,-0.16882007913719888
leave_one_stock_out,CB,946,0.038888995155741096,0.036486225946789075,0.4973351598552917,-0.1417898454197003
leave_one_stock_out,CME,946,0.020961323806486448,0.018269029685032967,0.27706118873081376,-0.12150981684555773
leave_one_stock_out,GS,946,0.02315479903222185,0.020296093131685122,0.29555411688304306,-0.13181961768483685
leave_one_stock_out,JPM,946,0.018261426761431266,0.01293997043490891,0.17532086753886206,-0.22055481040413072
leave_one_stock_out,MET,946,0.04169600057057515,0.03923573183993878,0.5198238686279664,-0.1558917820469855
leave_one_stock_out,MS,946,0.06129028538761532,0.05930147842297595,0.7143361362983337,-0.14452473822031053
leave_one_stock_out,PNC,946,0.044247421960819336,0.03947212344893858,0.41998203789561206,-0.22524524867850726
leave_one_stock_out,PRU,946,0.043821433215401356,0.04076865343936342,0.4988589219131508,-0.12909103072398176
leave_one_stock_out,SCHW,946,0.05329056148166449,0.051616180928172106,0.6921556871018905,-0.11291916117723111
leave_one_stock_out,USB,946,0.016191091888780748,0.01152781548672599,0.16643738466883715,-0.23840929841090275
