,PC1_variance_ratio
2022-11-02,0.6761886193152898
2022-11-09,0.659851591930721
2022-11-16,0.6980684493908179
2022-11-23,0.6799777785132735
2022-12-01,0.6978732941505679
2022-12-08,0.6714524116799274
2022-12-15,0.6919795862513717
2022-12-22,0.6993220321872944
2022-12-30,0.6860348996146626
2023-01-09,0.6705305764751712
2023-01-17,0.6525720457065881
2023-01-24,0.6566717450408097
2023-01-31,0.6783300158799067
2023-02-07,0.6584264646766489
2023-02-14,0.5993608373218798
2023-02-22,0.6007364439862896
2023-03-01,0.5546254001890989
2023-03-08,0.5493339310552648
2023-03-15,0.5485658940514373
2023-03-22,0.5272703704840058
2023-03-29,0.4994676834912269
2023-04-05,0.5050723795177829
2023-04-13,0.5073780217625808
2023-04-20,0.486005728970882
2023-04-27,0.484413113484351
2023-05-04,0.4705532079254021
2023-05-11,0.4524556042621426
2023-05-18,0.42827993591877983
2023-05-25,0.44244799630641407
2023-06-02,0.4298288597137124
2023-06-09,0.4080512971973839
2023-06-16,0.3905808133974149
2023-06-26,0.402242924989675
2023-07-03,0.3949193164844383
2023-07-11,0.3872469457886865
2023-07-18,0.38774959252189134
2023-07-25,0.38933309007344935
2023-08-01,0.37553623044795253
2023-08-08,0.3712075106302262
2023-08-15,0.38825176798007766
2023-08-22,0.3897605326013859
2023-08-29,0.4220438383881664
2023-09-06,0.4244453573871634
2023-09-13,0.41242263778488425
2023-09-20,0.4147044409210442
2023-09-27,0.4294577599133429
2023-10-04,0.4503944558036619
2023-10-11,0.45907536738538723
2023-10-18,0.4724791273485821
2023-10-25,0.5156083094650398
2023-11-01,0.5137762078193198
2023-11-08,0.5160075084248892
2023-11-15,0.5398081078834883
2023-11-22,0.49391677686381963
2023-11-30,0.4882928223374205
2023-12-07,0.4910967789093742
2023-12-14,0.4599419405367751
2023-12-21,0.41994527778104174
2023-12-29,0.41178801968444234
2024-01-08,0.42399277894173004
2024-01-16,0.42883426115116874
2024-01-23,0.41884530656615593
2024-01-30,0.4047633542461651
2024-02-06,0.36921539124708774
2024-02-13,0.3450995452935877
2024-02-21,0.37400586808089076
2024-02-28,0.37479352962091
2024-03-06,0.3978851033765022
2024-03-13,0.41027644255858525
2024-03-20,0.39950846961859826
2024-03-27,0.39520958416387664
2024-04-04,0.3715259655602379
2024-04-11,0.37106831899462156
2024-04-18,0.37282132963380327
2024-04-25,0.38801948185367896
2024-05-02,0.38683939601411366
2024-05-09,0.3865461316391846
2024-05-16,0.38055934634562416
2024-05-23,0.3702943893917233
2024-05-31,0.3473736932875838
2024-06-07,0.34325726565672277
2024-06-14,0.33605825583299315
2024-06-24,0.30610269847423943
2024-07-01,0.2997908017566715
2024-07-09,0.28656261337018496
2024-07-16,0.2727149533887504
2024-07-23,0.284219696539381
2024-07-30,0.34306398780732805
2024-08-06,0.3622657791599817
2024-08-13,0.37429858071711747
2024-08-20,0.3963753369179481
2024-08-27,0.4101125591284035
2024-09-04,0.4339450410701462
2024-09-11,0.4548305562143378
2024-09-18,0.4734490314484576
2024-09-25,0.4916161028862347
2024-10-02,0.4998620246770556
2024-10-09,0.5027069512852979
2024-10-16,0.5000406968945676
2024-10-23,0.49239374301102923
2024-10-30,0.4550099244342828
2024-11-06,0.44314592315793266
2024-11-13,0.4292355933119436
2024-11-20,0.4240400828762179
2024-11-27,0.37650149906073127
2024-12-05,0.3711469592073105
2024-12-12,0.37339363995485
2024-12-19,0.37527788892885183
2024-12-27,0.3734771522140974
2025-01-06,0.37502172949231405
2025-01-14,0.3843934702656881
2025-01-22,0.40701405050715117
2025-01-29,0.3869583337688319
2025-02-05,0.35551035095768757
2025-02-12,0.31930102927443027
2025-02-20,0.3007715569591182
2025-02-27,0.33048247020896554
2025-03-06,0.35796440159217835
2025-03-13,0.39775767609244916
2025-03-20,0.4081449435525985
2025-03-27,0.41646266938667975
2025-04-03,0.4251854793375383
2025-04-10,0.6442264549258457
2025-04-17,0.6550861348126944
2025-04-25,0.6950942380887928
2025-05-02,0.700664738003993
2025-05-09,0.7097415004013741
2025-05-16,0.7148422865619857
2025-05-23,0.7166150337632214
2025-06-02,0.7205352136963235
2025-06-09,0.7221390278715386
2025-06-16,0.7255778271127783
2025-06-24,0.7213202028726788
2025-07-01,0.7139647288098677
2025-07-09,0.4949950901211024
2025-07-16,0.4195251781145983
2025-07-23,0.36466648132327256
2025-07-30,0.37334391254796157
2025-08-06,0.3516846130559335
2025-08-13,0.2819810026162367
2025-08-20,0.2536126380126823
2025-08-27,0.23758999271908446
2025-09-04,0.23670045487252475
2025-09-11,0.20388029057132565
2025-09-18,0.1886983407452871
2025-09-25,0.18436938822666732
2025-10-02,0.1813170660121582
2025-10-09,0.1747860932655585
2025-10-16,0.22581360554591898
2025-10-23,0.2431025632406532
2025-10-30,0.2622486649469083
2025-11-06,0.2429310500770217
2025-11-13,0.26662016627705126
2025-11-20,0.26408724120278787
2025-11-28,0.2753911806303009
2025-12-05,0.2882386724360453
2025-12-12,0.2883888551301972
2025-12-19,0.31259943990707195
2025-12-29,0.3275034214678586
2026-01-06,0.32987551739812965
2026-01-13,0.27084007122770637
2026-01-21,0.2779403475064156
2026-01-28,0.2736057402952452
2026-02-04,0.271931561645503
2026-02-11,0.2517874573329126
2026-02-19,0.25060130023818056
2026-02-26,0.2571693120374464
2026-03-05,0.2507605131636652
2026-03-12,0.24973785278831082
2026-03-19,0.25772474690784863
2026-03-26,0.2608791232836915
2026-04-02,0.29705924441963
2026-04-10,0.3125825560752836
2026-04-17,0.3198792231547332
2026-04-24,0.32602283643697777
2026-05-01,0.3152885299293994
2026-05-08,0.31687662846497244
2026-05-15,0.3028827196807403
2026-05-22,0.2824171451511015
2026-06-01,0.2700599538712056
2026-06-08,0.28497404100939056
2026-06-15,0.2760821307509273
2026-06-23,0.280972481641823
2026-06-30,0.2609221116089489
2026-07-08,0.26467606206864586
2026-07-15,0.26057000269534103
2026-07-22,0.27642886228100266
2026-07-29,0.29276114501443395
