,pc2_split_strength
2022-11-02,-0.07279898459643891
2022-11-09,-0.022283333699892258
2022-11-16,0.061986140180715535
2022-11-23,0.0028307181071240417
2022-12-01,0.001347856485923865
2022-12-08,-0.029788709378891477
2022-12-15,0.029392239523132843
2022-12-22,0.02037789643382784
2022-12-30,0.016658420884515315
2023-01-09,0.021295239057641628
2023-01-17,-0.015439361187872667
2023-01-24,-0.09993220849850748
2023-01-31,-0.14406946651705485
2023-02-07,0.15613110817179615
2023-02-14,-0.14558059972742302
2023-02-22,0.11271272889076889
2023-03-01,0.1721804827814817
2023-03-08,0.21009602473061864
2023-03-15,0.2124009928905489
2023-03-22,-0.10356344918172622
2023-03-29,-0.03678361052105013
2023-04-05,0.14648543910700634
2023-04-13,0.08924130443527667
2023-04-20,0.09599564413993136
2023-04-27,0.1569597448240593
2023-05-04,0.18334154613092035
2023-05-11,0.1579668619634543
2023-05-18,0.054040433032125745
2023-05-25,0.04398423301482354
2023-06-02,-0.056213266398773665
2023-06-09,-0.08748228871009614
2023-06-16,-0.12500527170124137
2023-06-26,-0.14001251726464534
2023-07-03,-0.1610380038224596
2023-07-11,-0.18666606848995554
2023-07-18,-0.17051772830253986
2023-07-25,-0.15075302102135607
2023-08-01,-0.07380278074293371
2023-08-08,-0.05435507066947082
2023-08-15,-0.012477444620297928
2023-08-22,-0.060464786457290406
2023-08-29,-0.06687377040447728
2023-09-06,-0.03232153001343557
2023-09-13,0.0012664895613859473
2023-09-20,0.07983169913568576
2023-09-27,0.3004169072343993
2023-10-04,0.34127286656080774
2023-10-11,0.32996625507002997
2023-10-18,0.3304372392916369
2023-10-25,0.34433961521608725
2023-11-01,0.09879564372307176
2023-11-08,0.06193686421768571
2023-11-15,0.0652881868179541
2023-11-22,-0.0308623098567503
2023-11-30,-0.03295819006986361
2023-12-07,-0.03481736931300208
2023-12-14,-0.1112087669620701
2023-12-21,-0.24233982412380564
2023-12-29,-0.25168109533162286
2024-01-08,-0.22811450465781916
2024-01-16,-0.24728725871870333
2024-01-23,-0.23882329802983726
2024-01-30,-0.38938293893518716
2024-02-06,-0.42077310951645436
2024-02-13,-0.44539729300341924
2024-02-21,-0.42668782876960965
2024-02-28,-0.4368063189179086
2024-03-06,-0.42617917833976937
2024-03-13,-0.4543651511303194
2024-03-20,-0.4888103962738956
2024-03-27,-0.4807955874522865
2024-04-04,-0.49114979675314185
2024-04-11,-0.42276913429568924
2024-04-18,-0.4761906615001001
2024-04-25,-0.44156283923564915
2024-05-02,-0.474824595706111
2024-05-09,-0.4656314438854432
2024-05-16,-0.4419852292923894
2024-05-23,-0.49601152144003746
2024-05-31,-0.5614484619506981
2024-06-07,-0.5517430536697706
2024-06-14,-0.47518779354075114
2024-06-24,-0.5335276695997268
2024-07-01,-0.5388764507587804
2024-07-09,-0.5545257865548517
2024-07-16,-0.548401529071845
2024-07-23,0.5585663942557839
2024-07-30,0.3716949268130764
2024-08-06,0.25810634413992284
2024-08-13,0.2514194419918347
2024-08-20,0.19925656871987882
2024-08-27,0.14428526452596613
2024-09-04,0.15894570037399597
2024-09-11,0.13518429320462047
2024-09-18,0.08911504952080979
2024-09-25,0.14644121477409927
2024-10-02,0.16211460290217364
2024-10-09,0.14003391945518207
2024-10-16,0.2591567428208084
2024-10-23,-0.37353861680669287
2024-10-30,-0.1710787278066241
2024-11-06,-0.2427489638050192
2024-11-13,-0.259820384393099
2024-11-20,-0.43535155929166147
2024-11-27,-0.3612793309625397
2024-12-05,-0.5550255513857464
2024-12-12,0.20427693216839818
2024-12-19,0.35687122051924397
2024-12-27,-0.4291764166580464
2025-01-06,-0.6159851288725866
2025-01-14,-0.5901708550124146
2025-01-22,0.5174451221618839
2025-01-29,0.3620671836750504
2025-02-05,0.18284401414393076
2025-02-12,-0.08679229134202783
2025-02-20,-0.13319906972365314
2025-02-27,-0.16359395304180713
2025-03-06,0.12338249992167195
2025-03-13,-0.16255847852672672
2025-03-20,-0.2985654786994735
2025-03-27,-0.28900598604121386
2025-04-03,-0.2758835128590437
2025-04-10,-0.2986176202531542
2025-04-17,-0.3037125926239185
2025-04-25,-0.04724060631184089
2025-05-02,-0.35397835742884165
2025-05-09,-0.42257434510771213
2025-05-16,-0.4501727856416265
2025-05-23,-0.42974771315226123
2025-06-02,-0.43342948692078465
2025-06-09,-0.4548673483679091
2025-06-16,-0.11564742890209753
2025-06-24,-0.1162198315568179
2025-07-01,-0.06717260472160116
2025-07-09,-0.21169352836485827
2025-07-16,-0.2610520080637641
2025-07-23,0.17919975174195632
2025-07-30,0.26398885814734796
2025-08-06,0.26107790637237865
2025-08-13,-0.3315222123908995
2025-08-20,0.13769136524447112
2025-08-27,0.1322753027518505
2025-09-04,0.09617406195163736
2025-09-11,0.048717718017529416
2025-09-18,0.08962980934592002
2025-09-25,0.13259773438704084
2025-10-02,0.15068272240581115
2025-10-09,0.052179817649496696
2025-10-16,-0.009789433910237816
2025-10-23,0.004377772599271246
2025-10-30,0.1038292264292957
2025-11-06,0.06683925400797247
2025-11-13,0.06104082988236344
2025-11-20,0.01897604889353481
2025-11-28,0.06623246033883878
2025-12-05,-0.06407213006605522
2025-12-12,-0.07349002597316256
2025-12-19,0.054447781789640035
2025-12-29,0.04142080068403141
2026-01-06,0.18601838736238469
2026-01-13,0.1854808375641963
2026-01-21,0.34772120317956057
2026-01-28,0.4561019887775923
2026-02-04,0.5187193369302302
2026-02-11,0.44608206776807
2026-02-19,0.47495844016884553
2026-02-26,0.469019346752798
2026-03-05,0.5074242383847625
2026-03-12,0.5250704326057375
2026-03-19,0.5183321030385055
2026-03-26,0.5309416194929741
2026-04-02,0.5261939275199852
2026-04-10,0.5478785807946374
2026-04-17,0.5359564805632554
2026-04-24,0.547200889537603
2026-05-01,0.5938754209143551
2026-05-08,0.6135039344846209
2026-05-15,0.6161860164594091
2026-05-22,0.6344507570644002
2026-06-01,0.6065916311929078
2026-06-08,0.6202506759669395
2026-06-15,0.6107975338144722
2026-06-23,0.6332726712895191
2026-06-30,-0.3986426177312558
2026-07-08,-0.3426521922120655
2026-07-15,-0.07143672325491052
2026-07-22,0.17945414397990744
2026-07-29,0.1540555559028072
2026-08-05,0.3209101084060334
